// Copyright (C) 2024, Mark Qvist

// This program is free software: you can redistribute it and/or modify
// it under the terms of the GNU General Public License as published by
// the Free Software Foundation, either version 3 of the License, or
// (at your option) any later version.

// This program is distributed in the hope that it will be useful,
// but WITHOUT ANY WARRANTY; without even the implied warranty of
// MERCHANTABILITY or FITNESS FOR A PARTICULAR PURPOSE. See the
// GNU General Public License for more details.

// You should have received a copy of the GNU General Public License
// along with this program.  If not, see <https://www.gnu.org/licenses/>.

const unsigned char bm_cable [] PROGMEM = {
   0x00, 0x00, 0x00, 0x1c, 0x00, 0x38, 0x07, 0xfc, 0x08, 0x38, 0x10, 0x1c, 0x10, 0x00, 0x08, 0x00, 
   0x07, 0xc0, 0x00, 0x20, 0x00, 0x10, 0x00, 0x10, 0x00, 0x20, 0x07, 0xc0, 0x08, 0x00, 0x10, 0x00, 
   0x00, 0x00, 0x00, 0x00, 0x00, 0x00, 0x00, 0x00, 0x03, 0x00, 0x04, 0x80, 0x04, 0x43, 0x08, 0x46, 
   0xf1, 0x8f, 0x02, 0x16, 0x02, 0x23, 0x01, 0x20, 0x00, 0xc0, 0x00, 0x00, 0x00, 0x00, 0x00, 0x00
};

const unsigned char bm_bt [] PROGMEM = {
   0x00, 0x00, 0x01, 0x00, 0x00, 0x00, 0x11, 0x40, 0x00, 0x00, 0x05, 0x10, 0x00, 0x00, 0x01, 0x40, 
   0x00, 0x00, 0x01, 0x40, 0x00, 0x00, 0x05, 0x10, 0x00, 0x00, 0x11, 0x40, 0x00, 0x00, 0x01, 0x00, 
   0x00, 0x00, 0x01, 0x00, 0x01, 0x80, 0x01, 0x40, 0x09, 0x20, 0x05, 0x10, 0x03, 0x20, 0x01, 0x40, 
   0x01, 0x80, 0x01, 0x40, 0x03, 0x20, 0x05, 0x10, 0x09, 0x20, 0x01, 0x40, 0x01, 0x80, 0x01, 0x00, 
   0x00, 0x00, 0x01, 0x00, 0x01, 0x80, 0x01, 0x40, 0x09, 0x20, 0x05, 0x10, 0x03, 0x20, 0x01, 0x40, 
   0x29, 0x94, 0x01, 0x40, 0x03, 0x20, 0x05, 0x10, 0x09, 0x20, 0x01, 0x40, 0x01, 0x80, 0x01, 0x00, 
   0x00, 0x00, 0x01, 0x00, 0x01, 0x80, 0x01, 0x40, 0x09, 0x20, 0x05, 0x10, 0x03, 0x20, 0x11, 0x48, 
   0x29, 0x94, 0x11, 0x48, 0x03, 0x20, 0x05, 0x10, 0x09, 0x20, 0x01, 0x40, 0x01, 0x80, 0x01, 0x00
};

const unsigned char bm_boot [] PROGMEM = {
   0xff, 0xff, 0xff, 0xff, 0xff, 0xff, 0xff, 0xff, 0xff, 0xff, 0xff, 0xff, 0xff, 0xff, 0xff, 0xff, 
   0xff, 0xff, 0xff, 0xff, 0xff, 0xff, 0xff, 0xff, 0xff, 0xff, 0xff, 0xff, 0xff, 0xff, 0xff, 0xff, 
   0xff, 0xff, 0xff, 0xff, 0xff, 0xff, 0xff, 0xff, 0xff, 0xff, 0xff, 0xff, 0xff, 0xff, 0xff, 0xff, 
   0xff, 0xfc, 0x38, 0x66, 0x67, 0x1c, 0x3f, 0xff, 0xff, 0xfc, 0x99, 0xe6, 0x66, 0x4c, 0xff, 0xff, 
   0xff, 0xfc, 0x98, 0x70, 0xe6, 0x7c, 0x3f, 0xff, 0xff, 0xfc, 0x99, 0xf0, 0xe6, 0x4c, 0xff, 0xff, 
   0xff, 0xfc, 0x38, 0x79, 0xe7, 0x1c, 0x3f, 0xff, 0xff, 0xff, 0xff, 0xff, 0xff, 0xff, 0xff, 0xff, 
   0xff, 0xff, 0xff, 0xff, 0xff, 0xff, 0xff, 0xff, 0xff, 0xff, 0xff, 0xff, 0xff, 0xff, 0xff, 0xff, 
   0xff, 0xff, 0xff, 0xff, 0xff, 0xff, 0xff, 0xff, 0xff, 0xff, 0xff, 0xff, 0xff, 0xff, 0xff, 0xff, 
   0xff, 0x0c, 0x38, 0xe1, 0xc3, 0x33, 0x38, 0x7f, 0xfe, 0x7e, 0x72, 0x64, 0xe7, 0x31, 0x33, 0xff, 
   0xff, 0x1e, 0x70, 0x61, 0xe7, 0x30, 0x32, 0x7f, 0xff, 0xce, 0x72, 0x61, 0xe7, 0x32, 0x32, 0x7f, 
   0xfe, 0x1e, 0x72, 0x64, 0xe7, 0x33, 0x38, 0xff, 0xff, 0xff, 0xff, 0xff, 0xff, 0xff, 0xff, 0xff, 
   0xff, 0xff, 0xff, 0xff, 0xff, 0xff, 0xff, 0xff, 0xff, 0xff, 0xff, 0xff, 0xff, 0xff, 0xff, 0xff, 
   0xff, 0xff, 0xff, 0xff, 0xff, 0xff, 0xff, 0xff, 0xff, 0xff, 0xff, 0xff, 0xff, 0xff, 0xff, 0xff, 
   0xff, 0xff, 0xff, 0xff, 0xff, 0xff, 0xff, 0xff
};

const unsigned char bm_fw_update [] PROGMEM = {
   0xff, 0xff, 0xff, 0xff, 0xff, 0xff, 0xff, 0xff, 0xff, 0xff, 0xff, 0xff, 0xff, 0xff, 0xff, 0xff, 
   0xff, 0xff, 0xff, 0xff, 0xff, 0xff, 0xff, 0xff, 0xff, 0xff, 0xff, 0xff, 0xff, 0xff, 0xff, 0xff, 
   0xff, 0xff, 0xff, 0xff, 0xff, 0xff, 0xff, 0xff, 0xff, 0xff, 0xff, 0xff, 0xff, 0xff, 0xff, 0xff, 
   0xfc, 0x98, 0x70, 0xf1, 0xc3, 0x33, 0x38, 0x7f, 0xfc, 0x99, 0x32, 0x64, 0xe7, 0x31, 0x33, 0xff, 
   0xfc, 0x98, 0x72, 0x60, 0xe7, 0x30, 0x32, 0x7f, 0xfc, 0x99, 0xf2, 0x64, 0xe7, 0x32, 0x32, 0x7f, 
   0xfe, 0x39, 0xf0, 0xe4, 0xe7, 0x33, 0x38, 0xff, 0xff, 0xff, 0xff, 0xff, 0xff, 0xff, 0xff, 0xff, 
   0xff, 0xff, 0xff, 0xff, 0xff, 0xff, 0xff, 0xff, 0xff, 0xff, 0xff, 0xff, 0xff, 0xff, 0xff, 0xff, 
   0xff, 0xff, 0xff, 0xff, 0xff, 0xff, 0xff, 0xff, 0xff, 0xff, 0xff, 0xff, 0xff, 0xff, 0xff, 0xff, 
   0xf8, 0x66, 0x1c, 0xe6, 0x73, 0x8e, 0x1c, 0x3f, 0xf9, 0xe6, 0x4c, 0x46, 0x53, 0x26, 0x4c, 0xff, 
   0xf8, 0x66, 0x1c, 0x06, 0x53, 0x06, 0x1c, 0x3f, 0xf9, 0xe6, 0x1c, 0xa6, 0x03, 0x26, 0x1c, 0xff, 
   0xf9, 0xe6, 0x4c, 0xe7, 0x27, 0x26, 0x4c, 0x3f, 0xff, 0xff, 0xff, 0xff, 0xff, 0xff, 0xff, 0xff, 
   0xff, 0xff, 0xff, 0xff, 0xff, 0xff, 0xff, 0xff, 0xff, 0xff, 0xff, 0xff, 0xff, 0xff, 0xff, 0xff, 
   0xff, 0xff, 0xff, 0xff, 0xff, 0xff, 0xff, 0xff, 0xff, 0xff, 0xff, 0xff, 0xff, 0xff, 0xff, 0xff, 
   0xff, 0xff, 0xff, 0xff, 0xff, 0xff, 0xff, 0xff
};

const unsigned char bm_console_active [] PROGMEM = {
   0xff, 0xff, 0xff, 0xff, 0xff, 0xff, 0xff, 0xff, 0xff, 0xff, 0xff, 0xff, 0xff, 0xff, 0xff, 0xff, 
   0xff, 0xff, 0xff, 0xff, 0xff, 0xff, 0xff, 0xff, 0xff, 0xff, 0xff, 0xff, 0xff, 0xff, 0xff, 0xff, 
   0xff, 0xff, 0xff, 0xff, 0xff, 0xff, 0xff, 0xff, 0xff, 0xff, 0xff, 0xff, 0xff, 0xff, 0xff, 0xff, 
   0xff, 0xff, 0xff, 0xff, 0xff, 0xff, 0xff, 0xff, 0xff, 0xc7, 0x8e, 0x67, 0x0e, 0x39, 0xe1, 0xff, 
   0xff, 0x93, 0x26, 0x26, 0x7c, 0x99, 0xe7, 0xff, 0xff, 0x9f, 0x26, 0x07, 0x1c, 0x99, 0xe1, 0xff, 
   0xff, 0x93, 0x26, 0x47, 0xcc, 0x99, 0xe7, 0xff, 0xff, 0xc7, 0x8e, 0x66, 0x1e, 0x38, 0x61, 0xff, 
   0xff, 0xff, 0xff, 0xff, 0xff, 0xff, 0xff, 0xff, 0xff, 0xff, 0xff, 0xff, 0xff, 0xff, 0xff, 0xff, 
   0xff, 0xff, 0xff, 0xff, 0xff, 0xff, 0xff, 0xff, 0xff, 0xfe, 0x3c, 0x70, 0xcc, 0xcc, 0x3f, 0xff, 
   0xff, 0xfc, 0x99, 0x39, 0xcc, 0xcc, 0xff, 0xff, 0xff, 0xfc, 0x19, 0xf9, 0xce, 0x1c, 0x3f, 0xff, 
   0xff, 0xfc, 0x99, 0x39, 0xce, 0x1c, 0xff, 0xff, 0xff, 0xfc, 0x9c, 0x79, 0xcf, 0x3c, 0x3f, 0xff, 
   0xff, 0xff, 0xff, 0xff, 0xff, 0xff, 0xff, 0xff, 0xff, 0xff, 0xff, 0xff, 0xff, 0xff, 0xff, 0xff, 
   0xff, 0xff, 0xff, 0xff, 0xff, 0xff, 0xff, 0xff, 0xff, 0xff, 0xff, 0xff, 0xff, 0xff, 0xff, 0xff, 
   0xff, 0xff, 0xff, 0xff, 0xff, 0xff, 0xff, 0xff, 0xff, 0xff, 0xff, 0xff, 0xff, 0xff, 0xff, 0xff, 
   0xff, 0xff, 0xff, 0xff, 0xff, 0xff, 0xff, 0xff
};

const unsigned char bm_updating [] PROGMEM = {
   0xff, 0xff, 0xff, 0xff, 0xff, 0xff, 0xff, 0xff, 0xff, 0xff, 0xff, 0xff, 0xff, 0xff, 0xff, 0xff, 
   0xff, 0xff, 0xff, 0xff, 0xff, 0xff, 0xff, 0xff, 0xff, 0xff, 0xff, 0xff, 0xff, 0xff, 0xff, 0xff, 
   0xff, 0xff, 0xff, 0xff, 0xff, 0xff, 0xff, 0xff, 0xff, 0xff, 0x7f, 0xf1, 0xff, 0x71, 0x7f, 0xff, 
   0xff, 0xff, 0x7f, 0xf5, 0xff, 0x75, 0x7f, 0xff, 0xff, 0xff, 0x7f, 0xf1, 0xff, 0x71, 0x7f, 0xff, 
   0xff, 0xff, 0xff, 0xff, 0xff, 0xff, 0xff, 0xff, 0xff, 0xff, 0x17, 0xd4, 0x7f, 0x44, 0x7f, 0xff, 
   0xff, 0xff, 0x57, 0xd5, 0x7f, 0x55, 0x7f, 0xff, 0xff, 0xff, 0x17, 0xd4, 0x7f, 0x44, 0x7f, 0xff, 
   0xff, 0xff, 0xff, 0xff, 0xff, 0xff, 0xff, 0xff, 0xff, 0xff, 0x47, 0x44, 0x71, 0x51, 0x7f, 0xff, 
   0xff, 0xff, 0x57, 0x55, 0x75, 0x55, 0x7f, 0xff, 0xff, 0xff, 0x47, 0x44, 0x71, 0x51, 0x7f, 0xff, 
   0xff, 0xff, 0xff, 0xff, 0xff, 0xff, 0xff, 0xff, 0xff, 0xff, 0x44, 0x51, 0x51, 0x51, 0x7f, 0xff, 
   0xff, 0xff, 0x55, 0x55, 0x55, 0x55, 0x7f, 0xff, 0xff, 0xff, 0x44, 0x51, 0x51, 0x51, 0x7f, 0xff, 
   0xff, 0xff, 0xff, 0xff, 0xff, 0xff, 0xff, 0xff, 0xff, 0xff, 0x14, 0x54, 0x45, 0x44, 0x7f, 0xff, 
   0xff, 0xff, 0x55, 0x55, 0x55, 0x55, 0x7f, 0xff, 0xff, 0xff, 0x14, 0x54, 0x45, 0x44, 0x7f, 0xff, 
   0xff, 0xff, 0xff, 0xff, 0xff, 0xff, 0xff, 0xff, 0xff, 0xff, 0x45, 0x44, 0x51, 0x51, 0x7f, 0xff, 
   0xff, 0xff, 0x55, 0x55, 0x55, 0x55, 0x7f, 0xff, 0xff, 0xff, 0x45, 0x44, 0x51, 0x51, 0x7f, 0xff, 
   0xff, 0xff, 0xff, 0xff, 0xff, 0xff, 0xff, 0xff, 0xff, 0xff, 0x80, 0x00, 0x00, 0x00, 0xff, 0xff, 
   0xff, 0xff, 0x00, 0x00, 0x00, 0x00, 0x7f, 0xff, 0xff, 0xff, 0x00, 0x00, 0x00, 0x00, 0x7f, 0xff, 
   0xff, 0xff, 0x80, 0x00, 0x00, 0x00, 0xff, 0xff, 0xff, 0xff, 0xc0, 0x00, 0x00, 0x01, 0xff, 0xff, 
   0xff, 0xff, 0x60, 0x00, 0x00, 0x03, 0x7f, 0xff, 0xff, 0xff, 0x30, 0x00, 0x00, 0x07, 0x7f, 0xff, 
   0xff, 0xff, 0xf8, 0x00, 0x00, 0x0f, 0xff, 0xff, 0xff, 0xff, 0x5c, 0x00, 0x00, 0x1c, 0x7f, 0xff, 
   0xff, 0xff, 0x56, 0x00, 0x00, 0x35, 0x7f, 0xff, 0xff, 0xff, 0x57, 0x00, 0x00, 0x74, 0x7f, 0xff, 
   0xff, 0xff, 0xff, 0x80, 0x00, 0xff, 0xff, 0xff, 0xff, 0xff, 0x44, 0xc0, 0x01, 0xd1, 0x7f, 0xff, 
   0xff, 0xff, 0x55, 0x60, 0x03, 0x55, 0x7f, 0xff, 0xff, 0xff, 0x44, 0x70, 0x07, 0x51, 0x7f, 0xff, 
   0xff, 0xff, 0xff, 0xf8, 0x0f, 0xff, 0xff, 0xff, 0xff, 0xff, 0x14, 0x5c, 0x1d, 0x44, 0x7f, 0xff, 
   0xff, 0xff, 0x55, 0x56, 0x35, 0x55, 0x7f, 0xff, 0xff, 0xff, 0x14, 0x57, 0xe5, 0x44, 0x7f, 0xff, 
   0xff, 0xff, 0xff, 0xff, 0xff, 0xff, 0xff, 0xff, 0xff, 0xff, 0x45, 0x44, 0x51, 0x51, 0x7f, 0xff, 
   0xff, 0xff, 0x55, 0x55, 0x55, 0x55, 0x7f, 0xff, 0xff, 0xff, 0x45, 0x44, 0x51, 0x51, 0x7f, 0xff, 
   0xff, 0xff, 0xff, 0xff, 0xff, 0xff, 0xff, 0xff, 0xff, 0xff, 0x80, 0x00, 0x00, 0x00, 0xff, 0xff, 
   0xff, 0xff, 0x00, 0x00, 0x00, 0x00, 0x7f, 0xff, 0xff, 0xff, 0x00, 0x00, 0x00, 0x00, 0x7f, 0xff, 
   0xff, 0xff, 0x80, 0x00, 0x00, 0x00, 0xff, 0xff, 0xff, 0xff, 0xff, 0xff, 0xff, 0xff, 0xff, 0xff, 
   0xff, 0xff, 0xff, 0xff, 0xff, 0xff, 0xff, 0xff, 0xff, 0xff, 0xff, 0xff, 0xff, 0xff, 0xff, 0xff, 
   0xff, 0xff, 0xff, 0xff, 0xff, 0xff, 0xff, 0xff, 0xff, 0xff, 0xff, 0xff, 0xff, 0xff, 0xff, 0xff, 
   0xff, 0xff, 0xff, 0xff, 0xff, 0xff, 0xff, 0xff, 0xff, 0xff, 0xff, 0xff, 0xff, 0xff, 0xff, 0xff
};

const unsigned char bm_version [] PROGMEM = {
   0xff, 0xff, 0xff, 0xff, 0xff, 0xff, 0xff, 0xff, 0xff, 0xff, 0xff, 0xff, 0xff, 0xff, 0xff, 0xff, 
   0xff, 0xff, 0xff, 0xff, 0xff, 0xff, 0xff, 0xff, 0xff, 0xff, 0xff, 0xff, 0xff, 0xff, 0xff, 0xff, 
   0xff, 0xff, 0xff, 0xff, 0xff, 0xff, 0xff, 0xff, 0xff, 0xff, 0xff, 0xff, 0xff, 0xff, 0xff, 0xff, 
   0xff, 0x99, 0x86, 0x1e, 0x19, 0xc7, 0x33, 0xff, 0xff, 0x99, 0x9e, 0x4c, 0xf9, 0x93, 0x13, 0xff, 
   0xff, 0xc3, 0x86, 0x1e, 0x39, 0x93, 0x03, 0xff, 0xff, 0xc3, 0x9e, 0x1f, 0x99, 0x93, 0x23, 0xff, 
   0xff, 0xe7, 0x86, 0x4c, 0x39, 0xc7, 0x33, 0xff, 0xff, 0xff, 0xff, 0xff, 0xff, 0xff, 0xff, 0xff, 
   0xff, 0xff, 0xff, 0xff, 0xff, 0xff, 0xff, 0xff, 0xff, 0xff, 0xff, 0xff, 0xff, 0xff, 0xff, 0xff, 
   0xff, 0xff, 0xff, 0xff, 0xff, 0xff, 0xff, 0xff, 0xff, 0xff, 0xff, 0xff, 0xff, 0xff, 0xff, 0xff, 
   0xff, 0xff, 0xff, 0xff, 0xff, 0xff, 0xff, 0xff, 0xff, 0xff, 0xff, 0xff, 0xff, 0xff, 0xff, 0xff, 
   0xff, 0xff, 0xff, 0xff, 0xff, 0xff, 0xff, 0xff, 0xff, 0xff, 0xff, 0xff, 0xff, 0xff, 0xff, 0xff, 
   0xff, 0xff, 0xff, 0xe7, 0xff, 0xff, 0xff, 0xff, 0xff, 0xff, 0xff, 0xff, 0xff, 0xff, 0xff, 0xff, 
   0xff, 0xff, 0xff, 0xff, 0xff, 0xff, 0xff, 0xff, 0xff, 0xff, 0xff, 0xff, 0xff, 0xff, 0xff, 0xff, 
   0xff, 0xff, 0xff, 0xff, 0xff, 0xff, 0xff, 0xff, 0xff, 0xff, 0xff, 0xff, 0xff, 0xff, 0xff, 0xff, 
   0xff, 0xff, 0xff, 0xff, 0xff, 0xff, 0xff, 0xff
};

const unsigned char bm_fw_corrupt [] PROGMEM = {
   0xff, 0xff, 0xff, 0xff, 0xff, 0xff, 0xff, 0xff, 0xff, 0xff, 0xff, 0xff, 0xff, 0xff, 0xff, 0xff, 
   0xff, 0xff, 0xff, 0xff, 0xff, 0xff, 0xff, 0xff, 0xc3, 0x30, 0xe7, 0x33, 0x9c, 0x70, 0xe1, 0xff, 
   0xcf, 0x32, 0x62, 0x32, 0x99, 0x32, 0x67, 0xff, 0xc3, 0x30, 0xe0, 0x32, 0x98, 0x30, 0xe1, 0xff, 
   0xcf, 0x30, 0xe5, 0x30, 0x19, 0x30, 0xe7, 0xff, 0xcf, 0x32, 0x67, 0x39, 0x39, 0x32, 0x61, 0xff, 
   0xff, 0xff, 0xff, 0xff, 0xff, 0xff, 0xff, 0xff, 0xff, 0xff, 0xff, 0xff, 0xff, 0xff, 0xff, 0xff, 
   0xff, 0xff, 0xff, 0xff, 0xff, 0xff, 0xff, 0xff, 0xe3, 0xc7, 0x0e, 0x1c, 0x98, 0x70, 0xfc, 0xff, 
   0xc9, 0x93, 0x26, 0x4c, 0x99, 0x39, 0xfb, 0x7f, 0xcf, 0x93, 0x0e, 0x1c, 0x98, 0x79, 0xfb, 0x7f, 
   0xc9, 0x93, 0x0e, 0x1c, 0x99, 0xf9, 0xf7, 0xbf, 0xe3, 0xc7, 0x26, 0x4e, 0x39, 0xf9, 0xf4, 0xbf, 
   0xff, 0xff, 0xff, 0xff, 0xff, 0xff, 0xec, 0xdf, 0xff, 0xff, 0xff, 0xff, 0xff, 0xff, 0xec, 0xdf, 
   0xff, 0xff, 0xff, 0xff, 0xff, 0xff, 0xdc, 0xef, 0xff, 0xff, 0xff, 0xff, 0xff, 0xff, 0xdc, 0xef, 
   0xff, 0xff, 0xff, 0xff, 0xff, 0xff, 0xbf, 0xf7, 0xff, 0xff, 0xff, 0xff, 0xff, 0xff, 0xbc, 0xf7, 
   0xff, 0xff, 0xff, 0xff, 0xff, 0xff, 0x7c, 0xfb, 0xff, 0xff, 0xff, 0xff, 0xff, 0xff, 0x7f, 0xfb, 
   0xff, 0xff, 0xff, 0xff, 0xff, 0xff, 0x80, 0x07, 0xff, 0xff, 0xff, 0xff, 0xff, 0xff, 0xff, 0xff, 
   0xff, 0xff, 0xff, 0xff, 0xff, 0xff, 0xff, 0xff
};

static unsigned char bm_def[] PROGMEM = {
	0xff, 0xff, 0xff, 0xff, 0xff, 0xff, 0xff, 0xff, 0xff, 0xff, 0xff, 0xff, 0xff, 0xff, 0xff, 0xff, 
	0xff, 0xff, 0xff, 0xff, 0xff, 0xff, 0xff, 0xff, 0xff, 0xff, 0xff, 0xff, 0xff, 0xff, 0xff, 0xff, 
	0xff, 0xff, 0xff, 0xff, 0xff, 0xff, 0xff, 0xff, 0xff, 0xff, 0xff, 0xff, 0xff, 0xff, 0xff, 0xff, 
	0xff, 0xff, 0xff, 0xff, 0xff, 0xff, 0xff, 0xff, 0xff, 0xff, 0xff, 0xff, 0xff, 0xff, 0xff, 0xff, 
	0x00, 0x00, 0x00, 0x00, 0x00, 0x00, 0x00, 0x00, 0x00, 0x00, 0x00, 0x00, 0x00, 0x00, 0x00, 0x00, 
	0x7d, 0xf7, 0xdf, 0x7d, 0x17, 0xc3, 0xef, 0xbe, 0x45, 0x04, 0x10, 0x45, 0x14, 0x02, 0x28, 0x08, 
	0x7d, 0xf7, 0xdf, 0x7d, 0x17, 0xc2, 0x2f, 0x88, 0x49, 0x00, 0x50, 0x48, 0xa4, 0x02, 0x28, 0x08, 
	0x49, 0xf7, 0xdf, 0x48, 0x47, 0xc2, 0x2f, 0x88, 0x00, 0x00, 0x00, 0x00, 0x00, 0x00, 0x00, 0x00, 
	0x00, 0x00, 0x00, 0x00, 0x00, 0x00, 0x00, 0x00, 0x00, 0x00, 0x00, 0x00, 0x00, 0x00, 0x00, 0x00, 
	0x00, 0x00, 0x00, 0x00, 0x00, 0x00, 0x00, 0x00, 0x55, 0x55, 0x55, 0x55, 0x55, 0x55, 0x55, 0x54, 
	0x2a, 0xaa, 0xaa, 0xaa, 0xaa, 0xaa, 0xaa, 0xaa, 0x00, 0x00, 0x00, 0x00, 0x00, 0x00, 0x00, 0x00, 
	0x00, 0x00, 0x00, 0x00, 0x00, 0x00, 0x00, 0x00, 0x00, 0x00, 0x00, 0x00, 0x00, 0x00, 0x00, 0x00, 
	0x00, 0x00, 0x00, 0x00, 0x00, 0x00, 0x00, 0x00, 0x00, 0x00, 0x00, 0x00, 0x00, 0x00, 0x00, 0x00, 
	0x00, 0x00, 0x00, 0x00, 0x00, 0x00, 0x00, 0x00, 0x00, 0x00, 0x00, 0x00, 0x00, 0x00, 0x00, 0x00, 
	0x00, 0x00, 0x00, 0x00, 0x00, 0x00, 0x00, 0x00, 0x00, 0x00, 0x00, 0x00, 0x00, 0x00, 0x00, 0x00, 
	0x00, 0x00, 0x00, 0x00, 0x00, 0x00, 0x00, 0x00, 0x00, 0x00, 0x00, 0x00, 0x00, 0x00, 0x00, 0x00, 
	0x00, 0x00, 0x00, 0x00, 0x00, 0x00, 0x00, 0x00, 0x00, 0x00, 0x00, 0x00, 0x00, 0x00, 0x00, 0x00, 
	0x00, 0x00, 0x00, 0x00, 0x00, 0x00, 0x00, 0x00, 0x00, 0x00, 0x00, 0x00, 0x00, 0x00, 0x00, 0x00, 
	0x00, 0x00, 0x00, 0x00, 0x00, 0x00, 0x00, 0x00, 0xff, 0xff, 0xff, 0xff, 0xff, 0xff, 0xff, 0xff, 
	0xff, 0xff, 0xff, 0xff, 0xff, 0xff, 0xff, 0xff, 0xff, 0xff, 0xff, 0xff, 0xff, 0xff, 0xff, 0xff, 
	0xff, 0xff, 0xff, 0xff, 0xff, 0xff, 0xff, 0xff, 0xf2, 0x71, 0xc3, 0x87, 0x39, 0xc7, 0x0e, 0x1f, 
	0xf2, 0x64, 0xc9, 0x93, 0x29, 0x93, 0x26, 0x7f, 0xf0, 0x60, 0xc3, 0x93, 0x29, 0x83, 0x0e, 0x1f, 
	0xf2, 0x64, 0xc3, 0x93, 0x01, 0x93, 0x0e, 0x7f, 0xf2, 0x64, 0xc9, 0x87, 0x93, 0x93, 0x26, 0x1f, 
	0xff, 0xff, 0xff, 0xff, 0xff, 0xff, 0xff, 0xff, 0xff, 0xff, 0xff, 0xff, 0xff, 0xff, 0xff, 0xff, 
	0xff, 0xf3, 0x33, 0x30, 0xff, 0x8e, 0x4f, 0xff, 0xff, 0xf3, 0x13, 0x39, 0xff, 0x26, 0x1f, 0xff, 
	0xff, 0xf3, 0x03, 0x39, 0xff, 0x26, 0x3f, 0xff, 0xff, 0xf3, 0x23, 0x39, 0xff, 0x26, 0x1f, 0xff, 
	0xff, 0xf3, 0x33, 0x39, 0xff, 0x8e, 0x4f, 0xff, 0xff, 0xff, 0xff, 0xff, 0xff, 0xff, 0xff, 0xff, 
	0xff, 0xff, 0xff, 0xff, 0xff, 0xff, 0xff, 0xff, 0xc3, 0x0e, 0x67, 0xf8, 0x70, 0xe3, 0x87, 0x33, 
	0xe7, 0x27, 0x0f, 0xf9, 0x33, 0xc9, 0x93, 0x87, 0xe7, 0x0f, 0x9f, 0xf8, 0x70, 0xc1, 0x93, 0xcf, 
	0xe7, 0x0f, 0x0f, 0xf8, 0x73, 0xc9, 0x93, 0xcf, 0xe7, 0x26, 0x67, 0xf9, 0x30, 0xc9, 0x87, 0xcf, 
	0xff, 0xff, 0xff, 0xff, 0xff, 0xff, 0xff, 0xff, 0xff, 0xff, 0xff, 0xff, 0xff, 0xff, 0xff, 0xff, 
	0xff, 0xff, 0xff, 0xff, 0xff, 0xff, 0xff, 0xff, 0xff, 0xff, 0xff, 0xff, 0xff, 0xff, 0xff, 0xff
};

const unsigned char bm_def_lc [] PROGMEM = {
   0xff, 0xff, 0xff, 0xff, 0xff, 0xff, 0xff, 0xff, 0xb4, 0x61, 0x10, 0x8c, 0x23, 0xc4, 0x3f, 0xff, 
   0xb5, 0xa7, 0xb7, 0xb5, 0xed, 0xed, 0xbf, 0xff, 0xb5, 0xb9, 0xb4, 0xb4, 0x6d, 0xed, 0xbf, 0xff, 
   0x85, 0xa1, 0x10, 0xb4, 0x21, 0x44, 0x3f, 0xff, 0xff, 0xff, 0xff, 0xff, 0xff, 0xff, 0xff, 0xff, 
   0x00, 0x00, 0x00, 0x00, 0x00, 0x00, 0x00, 0x00, 0x00, 0x00, 0x00, 0x00, 0x00, 0x00, 0x00, 0x00, 
   0x00, 0x00, 0x00, 0x00, 0x00, 0x00, 0x00, 0x00, 0x1f, 0xe7, 0x1c, 0xfe, 0x7f, 0x8f, 0xf0, 0x00, 
   0x1f, 0xf7, 0x9d, 0xff, 0x7f, 0x9f, 0xf0, 0x00, 0x1c, 0x77, 0xfd, 0xc7, 0x73, 0xdc, 0x00, 0x00, 
   0x1f, 0xe7, 0xfd, 0xc7, 0x71, 0xdf, 0x00, 0x00, 0x1f, 0xe7, 0x7d, 0xc7, 0x71, 0xdf, 0x00, 0x00, 
   0x1c, 0x77, 0x3d, 0xc7, 0x73, 0xdc, 0x00, 0x00, 0x1c, 0x77, 0x1d, 0xff, 0x7f, 0x9f, 0xf0, 0x00, 
   0x1c, 0x77, 0x1c, 0xfe, 0x7f, 0x0f, 0xf0, 0x00, 0x00, 0x00, 0x00, 0x00, 0x00, 0x00, 0x00, 0x00, 
   0x00, 0x00, 0x00, 0x00, 0x00, 0x00, 0x00, 0x00, 0x55, 0x55, 0x55, 0x55, 0x55, 0x55, 0x55, 0x54, 
   0x2a, 0xaa, 0xaa, 0xaa, 0xaa, 0xaa, 0xaa, 0xaa, 0x00, 0x00, 0x00, 0x00, 0x00, 0x00, 0x00, 0x00, 
   0x00, 0x00, 0x00, 0x00, 0x00, 0x00, 0x00, 0x00, 0x01, 0x8e, 0x39, 0x10, 0x61, 0x88, 0x91, 0x1c, 
   0x02, 0x49, 0x21, 0x90, 0x92, 0x4d, 0x9b, 0x20, 0x02, 0x4e, 0x39, 0x50, 0x82, 0x4a, 0x95, 0x18, 
   0x02, 0x48, 0x21, 0x30, 0x92, 0x48, 0x91, 0x04, 0x01, 0x88, 0x39, 0x10, 0x61, 0x88, 0x91, 0x38, 
   0x00, 0x00, 0x00, 0x00, 0x00, 0x00, 0x00, 0x00, 0x00, 0x00, 0x00, 0x00, 0x00, 0x00, 0x00, 0x00, 
   0x00, 0x00, 0x01, 0xc8, 0x8e, 0x73, 0x91, 0x1c, 0x00, 0x00, 0x02, 0x05, 0x10, 0x22, 0x1b, 0x20, 
   0x00, 0x00, 0x01, 0x82, 0x0c, 0x23, 0x95, 0x18, 0x00, 0x00, 0x00, 0x42, 0x02, 0x22, 0x11, 0x04, 
   0x00, 0x00, 0x03, 0x82, 0x1c, 0x23, 0x91, 0x38, 0x00, 0x00, 0x00, 0x00, 0x00, 0x00, 0x00, 0x00, 
   0x00, 0x00, 0x00, 0x00, 0x00, 0x00, 0x00, 0x00
};

const unsigned char bm_frame [] PROGMEM = {
   0x00, 0x00, 0x00, 0x00, 0x00, 0x00, 0x00, 0x00, 0x00, 0x00, 0x00, 0x00, 0x00, 0x00, 0x00, 0x00, 
   0x00, 0x00, 0x00, 0x7f, 0xfe, 0x00, 0x00, 0x00, 0x00, 0x00, 0x00, 0x40, 0x02, 0x00, 0x00, 0x00, 
   0x00, 0x00, 0x00, 0x40, 0x02, 0x00, 0x00, 0x00, 0x00, 0x00, 0x00, 0x40, 0x02, 0x00, 0x00, 0x00, 
   0x00, 0x00, 0x00, 0x40, 0x02, 0x00, 0x00, 0x00, 0x3f, 0xff, 0xf0, 0x40, 0x02, 0x0f, 0xff, 0xfc, 
   0x20, 0x00, 0x10, 0x40, 0x02, 0x08, 0x00, 0x04, 0x20, 0x00, 0x10, 0x40, 0x02, 0x08, 0x00, 0x04, 
   0x20, 0x00, 0x10, 0x40, 0x02, 0x08, 0x00, 0x04, 0x20, 0x00, 0x10, 0x40, 0x02, 0x08, 0x00, 0x04, 
   0x20, 0x00, 0x10, 0x40, 0x02, 0x08, 0x00, 0x04, 0x20, 0x00, 0x10, 0x40, 0x02, 0x08, 0x00, 0x04, 
   0x20, 0x00, 0x10, 0x40, 0x02, 0x08, 0x00, 0x04, 0x20, 0x00, 0x10, 0x40, 0x02, 0x08, 0x00, 0x04, 
   0x20, 0x00, 0x1e, 0x40, 0x02, 0x78, 0x00, 0x04, 0x20, 0x00, 0x12, 0x40, 0x02, 0x48, 0x00, 0x04, 
   0x20, 0x00, 0x12, 0x40, 0x02, 0x48, 0x00, 0x04, 0x20, 0x00, 0x12, 0x40, 0x02, 0x48, 0x00, 0x04, 
   0x20, 0x00, 0x12, 0x40, 0x02, 0x48, 0x00, 0x04, 0x20, 0x00, 0x12, 0x40, 0x02, 0x48, 0x00, 0x04, 
   0x20, 0x00, 0x12, 0x40, 0x02, 0x48, 0x00, 0x04, 0x20, 0x00, 0x12, 0x40, 0x02, 0x48, 0x00, 0x04, 
   0x20, 0x00, 0x12, 0x40, 0x02, 0x48, 0x00, 0x04, 0x3f, 0xff, 0xf2, 0x40, 0x02, 0x4f, 0xff, 0xfc, 
   0x00, 0x00, 0x02, 0x40, 0x02, 0x40, 0x00, 0x00, 0x00, 0x00, 0x03, 0xc0, 0x03, 0xc0, 0x00, 0x00, 
   0x00, 0x00, 0x02, 0x40, 0x02, 0x40, 0x00, 0x00, 0x3f, 0xff, 0xf2, 0x40, 0x02, 0x4f, 0xff, 0xfc, 
   0x20, 0x00, 0x12, 0x40, 0x02, 0x48, 0x00, 0x04, 0x20, 0x00, 0x12, 0x40, 0x02, 0x48, 0x00, 0x04, 
   0x20, 0x00, 0x12, 0x40, 0x02, 0x48, 0x00, 0x04, 0x20, 0x00, 0x12, 0x40, 0x02, 0x48, 0x00, 0x04, 
   0x20, 0x00, 0x12, 0x40, 0x02, 0x48, 0x00, 0x04, 0x20, 0x00, 0x12, 0x40, 0x02, 0x48, 0x00, 0x04, 
   0x20, 0x00, 0x12, 0x40, 0x02, 0x48, 0x00, 0x04, 0x20, 0x00, 0x12, 0x40, 0x02, 0x48, 0x00, 0x04, 
   0x20, 0x00, 0x1e, 0x40, 0x02, 0x78, 0x00, 0x04, 0x20, 0x00, 0x10, 0x40, 0x02, 0x08, 0x00, 0x04, 
   0x20, 0x00, 0x10, 0x40, 0x02, 0x08, 0x00, 0x04, 0x20, 0x00, 0x10, 0x40, 0x02, 0x08, 0x00, 0x04, 
   0x20, 0x00, 0x10, 0x40, 0x02, 0x08, 0x00, 0x04, 0x20, 0x00, 0x10, 0x40, 0x02, 0x08, 0x00, 0x04, 
   0x20, 0x00, 0x10, 0x40, 0x02, 0x08, 0x00, 0x04, 0x20, 0x00, 0x10, 0x40, 0x02, 0x08, 0x00, 0x04, 
   0x20, 0x00, 0x10, 0x40, 0x02, 0x08, 0x00, 0x04, 0x3f, 0xff, 0xf0, 0x40, 0x02, 0x0f, 0xff, 0xfc, 
   0x00, 0x00, 0x00, 0x40, 0x02, 0x00, 0x00, 0x00, 0x00, 0x00, 0x00, 0x40, 0x02, 0x00, 0x00, 0x00, 
   0x00, 0x00, 0x00, 0x40, 0x02, 0x00, 0x00, 0x00, 0x00, 0x00, 0x00, 0x7f, 0xfe, 0x00, 0x00, 0x00, 
   0x00, 0x00, 0x00, 0x00, 0x00, 0x00, 0x00, 0x00, 0x00, 0x00, 0x00, 0x00, 0x00, 0x00, 0x00, 0x00, 
   0x3f, 0xff, 0xff, 0xff, 0xff, 0xff, 0xff, 0xfc, 0x00, 0x00, 0x00, 0x00, 0x00, 0x00, 0x00, 0x00, 
   0x00, 0x00, 0x00, 0x00, 0x00, 0x00, 0x00, 0x00, 0x00, 0x00, 0x00, 0xc0, 0x00, 0x00, 0x00, 0x1c, 
   0x00, 0x00, 0x01, 0x20, 0x00, 0x00, 0x00, 0x20, 0x00, 0x00, 0x01, 0x20, 0x00, 0x00, 0x00, 0x18, 
   0x00, 0x00, 0x01, 0x40, 0x00, 0x00, 0x00, 0x04, 0x00, 0x00, 0x00, 0xa0, 0x00, 0x00, 0x00, 0x38, 
   0x00, 0x00, 0x00, 0x00, 0x00, 0x00, 0x00, 0x00, 0x00, 0x00, 0x00, 0x0a, 0xaa, 0x8a, 0xaa, 0x80
};

const unsigned char bm_console [] PROGMEM = {
   0xff, 0xff, 0xff, 0xff, 0xff, 0xff, 0xff, 0xff, 0xff, 0xff, 0xff, 0xff, 0xff, 0xff, 0xff, 0xff, 
   0xff, 0xff, 0xff, 0xff, 0xff, 0xff, 0xff, 0xff, 0xff, 0xff, 0xff, 0xff, 0xff, 0xff, 0xff, 0xff, 
   0xff, 0xff, 0xff, 0xff, 0xff, 0xff, 0xff, 0xff, 0xff, 0xff, 0xf0, 0x00, 0x00, 0x0f, 0xff, 0xff, 
   0xff, 0xff, 0xe0, 0x00, 0x00, 0x07, 0xff, 0xff, 0xff, 0x1f, 0xcf, 0xff, 0xff, 0xf3, 0xf8, 0xff, 
   0xfe, 0x3f, 0x9f, 0xff, 0xff, 0xf9, 0xfc, 0x7f, 0xfc, 0x7f, 0x99, 0xe6, 0x61, 0x99, 0xfe, 0x3f, 
   0xf8, 0xe7, 0x99, 0x26, 0x67, 0x99, 0xe7, 0x1f, 0xf9, 0xc7, 0x99, 0x26, 0x61, 0x99, 0xe3, 0x9f, 
   0xf1, 0x8f, 0x98, 0x06, 0x67, 0x99, 0xf1, 0x8f, 0xf3, 0x9f, 0x9c, 0xce, 0x67, 0x99, 0xf9, 0xcf, 
   0xf3, 0x99, 0x9f, 0xff, 0xff, 0xf9, 0x99, 0xcf, 0xf3, 0x99, 0x9f, 0xff, 0xff, 0xf9, 0x99, 0xcf, 
   0xf3, 0x9f, 0x9f, 0xe3, 0x83, 0xf9, 0xf9, 0xcf, 0xf1, 0x8f, 0x9f, 0xc9, 0x93, 0xf9, 0xf1, 0x8f, 
   0xf9, 0xc7, 0x9f, 0xc1, 0x83, 0xf9, 0xe3, 0x9f, 0xf8, 0xe7, 0x9f, 0xc9, 0x9f, 0xf9, 0xe7, 0x1f, 
   0xfc, 0x7f, 0x9f, 0xc9, 0x9f, 0xf9, 0xfe, 0x3f, 0xfe, 0x3f, 0x9f, 0xff, 0xff, 0xf9, 0xfc, 0x7f, 
   0xff, 0x1f, 0xcf, 0xff, 0xff, 0xf3, 0xf8, 0xff, 0xff, 0xff, 0xe0, 0x00, 0x00, 0x07, 0xff, 0xff, 
   0xff, 0xff, 0xf0, 0x00, 0x00, 0x0f, 0xff, 0xff, 0xff, 0xff, 0xff, 0xfe, 0x7f, 0xff, 0xff, 0xff, 
   0xff, 0xff, 0xff, 0xfe, 0x7f, 0xff, 0xff, 0xff, 0xff, 0xff, 0xff, 0xfe, 0x7f, 0xff, 0xff, 0xff, 
   0xff, 0xff, 0xff, 0xfe, 0x7f, 0xff, 0xff, 0xff, 0xff, 0xff, 0xff, 0xfe, 0x7f, 0xff, 0xff, 0xff, 
   0xff, 0xff, 0xff, 0xfe, 0x7f, 0xff, 0xff, 0xff, 0xff, 0xff, 0xff, 0xfe, 0x7f, 0xff, 0xff, 0xff, 
   0xfe, 0x00, 0x00, 0x00, 0x00, 0x00, 0x00, 0xff, 0xfd, 0xff, 0x7f, 0xdf, 0xf7, 0xfd, 0xff, 0x7f, 
   0xfd, 0xff, 0x7f, 0xdf, 0xf7, 0xfd, 0xff, 0x7f, 0xfd, 0xff, 0x7f, 0xdf, 0xf7, 0xfd, 0xff, 0x7f, 
   0xff, 0xff, 0xff, 0xff, 0xff, 0xff, 0xff, 0xff, 0xe0, 0x78, 0x1e, 0x07, 0x81, 0xe0, 0x78, 0x1f, 
   0xef, 0xbb, 0xee, 0xfb, 0xbe, 0xef, 0xbb, 0xef, 0xe8, 0xda, 0xb6, 0x9d, 0xb3, 0x6d, 0xda, 0x37, 
   0xef, 0xda, 0xf6, 0xb5, 0xad, 0x6c, 0xdb, 0xf7, 0xe8, 0x5a, 0x36, 0x95, 0xad, 0x6c, 0xda, 0x97, 
   0xef, 0xdb, 0xf6, 0x85, 0xb3, 0x6c, 0xda, 0x97, 0xea, 0x5a, 0x36, 0xb5, 0xb3, 0x6c, 0xdb, 0xf7, 
   0xef, 0xda, 0xf6, 0xa5, 0xad, 0x6f, 0xda, 0x57, 0xe8, 0x5a, 0xb6, 0x85, 0xad, 0x6c, 0xda, 0x57, 
   0xef, 0xdb, 0xf6, 0xfd, 0xbf, 0x6f, 0xdb, 0xf7, 0xe0, 0x18, 0x06, 0x01, 0x80, 0x60, 0x18, 0x07, 
   0xff, 0xff, 0xff, 0xff, 0xff, 0xff, 0xff, 0xff, 0xff, 0xff, 0xff, 0xff, 0xff, 0xff, 0xff, 0xff, 
   0xff, 0xff, 0xff, 0xff, 0xff, 0xff, 0xff, 0xff, 0xff, 0xff, 0xff, 0xff, 0xff, 0xff, 0xff, 0xff, 
   0xff, 0xff, 0xff, 0xff, 0xff, 0xff, 0xff, 0xff, 0xff, 0xff, 0xff, 0xff, 0xff, 0xff, 0xff, 0xff, 
   0xfe, 0x42, 0x7c, 0x60, 0xf0, 0x78, 0x3c, 0x7f, 0xfe, 0x4a, 0x7c, 0x64, 0xf2, 0x79, 0x3c, 0x7f, 
   0xfe, 0x43, 0xfe, 0x64, 0xf2, 0x79, 0x3e, 0x7f, 0xfe, 0x4e, 0x7e, 0x64, 0x92, 0x49, 0x26, 0x7f, 
   0xfe, 0x4e, 0x7e, 0x60, 0x90, 0x48, 0x26, 0x7f, 0xff, 0xff, 0xff, 0xff, 0xff, 0xff, 0xff, 0xff, 
   0xff, 0xff, 0xfc, 0x00, 0x00, 0x00, 0x00, 0x7f, 0xff, 0xff, 0xff, 0xff, 0xff, 0xff, 0xff, 0xff, 
   0xff, 0xff, 0xff, 0xff, 0xff, 0xff, 0xff, 0xff, 0xff, 0xff, 0xff, 0xff, 0xff, 0xff, 0xff, 0xff
};


const unsigned char bm_checks [] PROGMEM = {
   0xff, 0xff, 0xff, 0xff, 0xff, 0xff, 0xff, 0xff, 0xff, 0xff, 0xff, 0xff, 0xff, 0xff, 0xff, 0xff, 
   0xff, 0xff, 0xff, 0xff, 0xff, 0xff, 0xff, 0xff, 0xff, 0xff, 0xff, 0x87, 0x0c, 0x99, 0xc7, 0x0f, 
   0xe6, 0x00, 0x7f, 0x93, 0x3c, 0x99, 0x93, 0x3f, 0xe6, 0x00, 0x7f, 0x93, 0x0e, 0x39, 0x9f, 0x0f, 
   0xff, 0xff, 0xff, 0x93, 0x3e, 0x39, 0x93, 0x3f, 0xff, 0xff, 0xff, 0x87, 0x0f, 0x79, 0xc7, 0x0f, 
   0xe6, 0x00, 0x7f, 0xff, 0xff, 0xff, 0xff, 0xff, 0xe6, 0x00, 0x7f, 0xff, 0xff, 0xff, 0xff, 0xff, 
   0xff, 0xff, 0xff, 0xff, 0xff, 0xff, 0xff, 0xff, 0xff, 0xff, 0xfe, 0x39, 0x30, 0xe3, 0x93, 0x87, 
   0xe6, 0x00, 0x7c, 0x99, 0x33, 0xc9, 0x87, 0x3f, 0xe6, 0x00, 0x7c, 0xf8, 0x30, 0xcf, 0x8f, 0x8f, 
   0xff, 0xff, 0xfc, 0x99, 0x33, 0xc9, 0x87, 0xe7, 0xff, 0xff, 0xfe, 0x39, 0x30, 0xe3, 0x93, 0x0f, 
   0xe6, 0x00, 0x7f, 0xff, 0xff, 0xff, 0xff, 0xff, 0xe6, 0x00, 0x6f, 0xff, 0xff, 0xff, 0xff, 0xff, 
   0xff, 0xff, 0xcf, 0xff, 0xff, 0xff, 0xff, 0xff, 0xff, 0xf9, 0x9c, 0x3c, 0x78, 0x70, 0xc3, 0x0f, 
   0xe6, 0x0d, 0x3c, 0x99, 0x33, 0xe7, 0xcf, 0x27, 0xe6, 0x04, 0x7c, 0x38, 0x38, 0xf1, 0xc3, 0x27, 
   0xff, 0xfe, 0xfc, 0xf9, 0x3e, 0x7c, 0xcf, 0x27, 0xff, 0xff, 0xfc, 0xf9, 0x30, 0xe1, 0xc3, 0x0f, 
   0xff, 0xff, 0xff, 0xff, 0xff, 0xff, 0xff, 0xff, 0xff, 0xff, 0xff, 0xff, 0xff, 0xff, 0xff, 0xff, 
   0xff, 0xff, 0xff, 0xff, 0xff, 0xff, 0xff, 0xff
};

const unsigned char bm_hwfail [] PROGMEM = {
   0xff, 0xff, 0xff, 0xff, 0xff, 0xff, 0xff, 0xff, 0xff, 0xff, 0xff, 0xff, 0xff, 0xff, 0xff, 0xff, 
   0xff, 0xff, 0xff, 0xff, 0xff, 0xff, 0xff, 0xff, 0xe4, 0xe3, 0x87, 0x0e, 0x73, 0x8e, 0x1c, 0x3f, 
   0xe4, 0xc9, 0x93, 0x26, 0x53, 0x26, 0x4c, 0xff, 0xe0, 0xc1, 0x87, 0x26, 0x53, 0x06, 0x1c, 0x3f, 
   0xe4, 0xc9, 0x87, 0x26, 0x03, 0x26, 0x1c, 0xff, 0xe4, 0xc9, 0x93, 0x0f, 0x27, 0x26, 0x4c, 0x3f, 
   0xff, 0xff, 0xff, 0xff, 0xff, 0xff, 0xff, 0xff, 0xff, 0xff, 0xff, 0xff, 0xff, 0xff, 0xff, 0xff, 
   0xe1, 0xc7, 0x33, 0xc9, 0x87, 0x0f, 0xf9, 0xff, 0xe7, 0x93, 0x33, 0xc9, 0x93, 0x3f, 0xf6, 0xff, 
   0xe1, 0x83, 0x33, 0xc9, 0x87, 0x0f, 0xf6, 0xff, 0xe7, 0x93, 0x33, 0xc9, 0x87, 0x3f, 0xef, 0x7f, 
   0xe7, 0x93, 0x30, 0xe3, 0x93, 0x0f, 0xe9, 0x7f, 0xff, 0xff, 0xff, 0xff, 0xff, 0xff, 0xd9, 0xbf, 
   0xff, 0xff, 0xff, 0xff, 0xff, 0xff, 0xd9, 0xbf, 0xff, 0xff, 0xff, 0xff, 0xff, 0xff, 0xb9, 0xdf, 
   0xff, 0xff, 0xff, 0xff, 0xff, 0xff, 0xb9, 0xdf, 0xff, 0xff, 0xff, 0xff, 0xff, 0xff, 0x7f, 0xef, 
   0xff, 0xff, 0xff, 0xff, 0xff, 0xff, 0x79, 0xef, 0xff, 0xff, 0xff, 0xff, 0xff, 0xfe, 0xf9, 0xf7, 
   0xff, 0xff, 0xff, 0xff, 0xff, 0xfe, 0xff, 0xf7, 0xff, 0xff, 0xff, 0xff, 0xff, 0xff, 0x00, 0x0f, 
   0xff, 0xff, 0xff, 0xff, 0xff, 0xff, 0xff, 0xff, 0xff, 0xff, 0xff, 0xff, 0xff, 0xff, 0xff, 0xff, 
   0xff, 0xff, 0xff, 0xff, 0xff, 0xff, 0xff, 0xff
};

const unsigned char bm_conf_missing [] PROGMEM = {
   0xff, 0xff, 0xff, 0xff, 0xff, 0xff, 0xff, 0xff, 0xff, 0xff, 0xff, 0xff, 0xff, 0xff, 0xff, 0xff, 
   0xff, 0xff, 0xff, 0xff, 0xff, 0xff, 0xff, 0xff, 0xe7, 0x33, 0x87, 0x0c, 0xcc, 0xe1, 0xff, 0xff, 
   0xe2, 0x33, 0x3e, 0x7c, 0xc4, 0xcf, 0xff, 0xff, 0xe0, 0x33, 0x8f, 0x1c, 0xc0, 0xc9, 0xff, 0xff, 
   0xe5, 0x33, 0xe7, 0xcc, 0xc8, 0xc9, 0xff, 0xff, 0xe7, 0x33, 0x0e, 0x1c, 0xcc, 0xe3, 0xff, 0xff, 
   0xff, 0xff, 0xff, 0xff, 0xff, 0xff, 0xff, 0xff, 0xff, 0xff, 0xff, 0xff, 0xff, 0xff, 0xff, 0xff, 
   0xff, 0xff, 0xff, 0xff, 0xff, 0xff, 0xf9, 0xff, 0xf1, 0xe3, 0x99, 0x86, 0x70, 0xff, 0xf6, 0xff, 
   0xe4, 0xc9, 0x89, 0x9e, 0x67, 0xff, 0xf6, 0xff, 0xe7, 0xc9, 0x81, 0x86, 0x64, 0xff, 0xef, 0x7f, 
   0xe4, 0xc9, 0x91, 0x9e, 0x64, 0xff, 0xe9, 0x7f, 0xf1, 0xe3, 0x99, 0x9e, 0x71, 0xff, 0xd9, 0xbf, 
   0xff, 0xff, 0xff, 0xff, 0xff, 0xff, 0xd9, 0xbf, 0xff, 0xff, 0xff, 0xff, 0xff, 0xff, 0xb9, 0xdf, 
   0xff, 0xff, 0xff, 0xff, 0xff, 0xff, 0xb9, 0xdf, 0xff, 0xff, 0xff, 0xff, 0xff, 0xff, 0x7f, 0xef, 
   0xff, 0xff, 0xff, 0xff, 0xff, 0xff, 0x79, 0xef, 0xff, 0xff, 0xff, 0xff, 0xff, 0xfe, 0xf9, 0xf7, 
   0xff, 0xff, 0xff, 0xff, 0xff, 0xfe, 0xff, 0xf7, 0xff, 0xff, 0xff, 0xff, 0xff, 0xff, 0x00, 0x0f, 
   0xff, 0xff, 0xff, 0xff, 0xff, 0xff, 0xff, 0xff, 0xff, 0xff, 0xff, 0xff, 0xff, 0xff, 0xff, 0xff, 
   0xff, 0xff, 0xff, 0xff, 0xff, 0xff, 0xff, 0xff
};

const unsigned char bm_no_radio [] PROGMEM = {
   0xff, 0xff, 0xff, 0xff, 0xff, 0xff, 0xff, 0xff, 0xff, 0xff, 0xff, 0xff, 0xff, 0xff, 0xff, 0xff, 
   0xff, 0xff, 0xff, 0xff, 0xff, 0xff, 0xff, 0xff, 0xc3, 0xc7, 0x0e, 0x71, 0xfc, 0xce, 0x38, 0x7f, 
   0xc9, 0x93, 0x26, 0x64, 0xfc, 0x4c, 0x9c, 0xff, 0xc3, 0x83, 0x26, 0x64, 0xfc, 0x0c, 0x9c, 0xff, 
   0xc3, 0x93, 0x26, 0x64, 0xfc, 0x8c, 0x9c, 0xff, 0xc9, 0x93, 0x0e, 0x71, 0xfc, 0xce, 0x3c, 0xff, 
   0xff, 0xff, 0xff, 0xff, 0xff, 0xff, 0xff, 0xff, 0xff, 0xff, 0xff, 0xff, 0xff, 0xff, 0xff, 0xff, 
   0xff, 0xff, 0xff, 0xff, 0xff, 0xff, 0xff, 0xff, 0xc3, 0x8e, 0x4c, 0xcc, 0x3f, 0xff, 0xfc, 0xff, 
   0xcf, 0x26, 0x4c, 0x4c, 0x9f, 0xff, 0xfb, 0x7f, 0xc3, 0x26, 0x4c, 0x0c, 0x9f, 0xff, 0xfb, 0x7f, 
   0xcf, 0x26, 0x4c, 0x8c, 0x9f, 0xff, 0xf7, 0xbf, 0xcf, 0x8f, 0x1c, 0xcc, 0x3f, 0xff, 0xf4, 0xbf, 
   0xff, 0xff, 0xff, 0xff, 0xff, 0xff, 0xec, 0xdf, 0xff, 0xff, 0xff, 0xff, 0xff, 0xff, 0xec, 0xdf, 
   0xff, 0xff, 0xff, 0xff, 0xff, 0xff, 0xdc, 0xef, 0xff, 0xff, 0xff, 0xff, 0xff, 0xff, 0xdc, 0xef, 
   0xff, 0xff, 0xff, 0xff, 0xff, 0xff, 0xbf, 0xf7, 0xff, 0xff, 0xff, 0xff, 0xff, 0xff, 0xbc, 0xf7, 
   0xff, 0xff, 0xff, 0xff, 0xff, 0xff, 0x7c, 0xfb, 0xff, 0xff, 0xff, 0xff, 0xff, 0xff, 0x7f, 0xfb, 
   0xff, 0xff, 0xff, 0xff, 0xff, 0xff, 0x80, 0x07, 0xff, 0xff, 0xff, 0xff, 0xff, 0xff, 0xff, 0xff, 
   0xff, 0xff, 0xff, 0xff, 0xff, 0xff, 0xff, 0xff
};

const unsigned char bm_hwok [] PROGMEM = {
   0xff, 0xff, 0xff, 0xff, 0xff, 0xff, 0xff, 0xff, 0xff, 0xff, 0xff, 0xff, 0xff, 0xff, 0xff, 0xff, 
   0xff, 0xff, 0xff, 0xff, 0xff, 0xff, 0xff, 0xff, 0xff, 0xff, 0xff, 0xff, 0xff, 0xff, 0xff, 0xff, 
   0xf2, 0x71, 0xc3, 0x87, 0x39, 0xc7, 0x0e, 0x1f, 0xf2, 0x64, 0xc9, 0x93, 0x29, 0x93, 0x26, 0x7f, 
   0xf0, 0x60, 0xc3, 0x93, 0x29, 0x83, 0x0e, 0x1f, 0xf2, 0x64, 0xc3, 0x93, 0x01, 0x93, 0x0e, 0x7f, 
   0xf2, 0x64, 0xc9, 0x87, 0x93, 0x93, 0x26, 0x1f, 0xff, 0xff, 0xff, 0xff, 0xff, 0xff, 0xff, 0xff, 
   0xff, 0xff, 0xff, 0xff, 0xff, 0xff, 0xff, 0xff, 0xff, 0xf3, 0x33, 0x30, 0xff, 0x8e, 0x4f, 0xff, 
   0xff, 0xf3, 0x13, 0x39, 0xff, 0x26, 0x1f, 0xff, 0xff, 0xf3, 0x03, 0x39, 0xff, 0x26, 0x3f, 0xff, 
   0xff, 0xf3, 0x23, 0x39, 0xff, 0x26, 0x1f, 0xff, 0xff, 0xf3, 0x33, 0x39, 0xff, 0x8e, 0x4f, 0xff, 
   0xff, 0xff, 0xff, 0xff, 0xff, 0xff, 0xff, 0xff, 0xff, 0xff, 0xff, 0xff, 0xff, 0xff, 0xff, 0xff, 
   0xc3, 0x0e, 0x67, 0xf8, 0x70, 0xe3, 0x87, 0x33, 0xe7, 0x27, 0x0f, 0xf9, 0x33, 0xc9, 0x93, 0x87, 
   0xe7, 0x0f, 0x9f, 0xf8, 0x70, 0xc1, 0x93, 0xcf, 0xe7, 0x0f, 0x0f, 0xf8, 0x73, 0xc9, 0x93, 0xcf, 
   0xe7, 0x26, 0x67, 0xf9, 0x30, 0xc9, 0x87, 0xcf, 0xff, 0xff, 0xff, 0xff, 0xff, 0xff, 0xff, 0xff, 
   0xff, 0xff, 0xff, 0xff, 0xff, 0xff, 0xff, 0xff, 0xff, 0xff, 0xff, 0xff, 0xff, 0xff, 0xff, 0xff, 
   0xff, 0xff, 0xff, 0xff, 0xff, 0xff, 0xff, 0xff
};

const unsigned char bm_nfr [] PROGMEM = {
   0xff, 0xff, 0xff, 0xff, 0xff, 0xff, 0xff, 0xff, 0xff, 0xff, 0xff, 0xff, 0xff, 0xff, 0xff, 0xff, 
   0xff, 0xff, 0xff, 0xff, 0xff, 0xff, 0xff, 0xff, 0xff, 0xff, 0xff, 0xff, 0xff, 0xff, 0xff, 0xff, 
   0xff, 0xff, 0xfc, 0x38, 0x66, 0x67, 0x1c, 0x3f, 0xff, 0xff, 0xfc, 0x99, 0xe6, 0x66, 0x4c, 0xff, 
   0xff, 0x9f, 0xfc, 0x98, 0x70, 0xe6, 0x7c, 0x3f, 0xff, 0x6f, 0xfc, 0x99, 0xf0, 0xe6, 0x4c, 0xff, 
   0xff, 0x6f, 0xfc, 0x38, 0x79, 0xe7, 0x1c, 0x3f, 0xfe, 0xf7, 0xff, 0xff, 0xff, 0xff, 0xff, 0xff, 
   0xfe, 0x97, 0xff, 0xff, 0xff, 0xff, 0xff, 0xff, 0xfd, 0x9b, 0xe6, 0x71, 0xc3, 0xe1, 0xc7, 0x0f, 
   0xfd, 0x9b, 0xe2, 0x64, 0xe7, 0xe7, 0x93, 0x27, 0xfb, 0x9d, 0xe0, 0x64, 0xe7, 0xe1, 0x93, 0x0f, 
   0xfb, 0x9d, 0xe4, 0x64, 0xe7, 0xe7, 0x93, 0x0f, 0xf7, 0xfe, 0xe6, 0x71, 0xe7, 0xe7, 0xc7, 0x27, 
   0xf7, 0x9e, 0xff, 0xff, 0xff, 0xff, 0xff, 0xff, 0xef, 0x9f, 0x7f, 0xff, 0xff, 0xff, 0xff, 0xff, 
   0xef, 0xff, 0x7f, 0xf8, 0x71, 0xcf, 0x0f, 0xff, 0xf0, 0x00, 0xff, 0xf3, 0xe4, 0xcf, 0x3f, 0xff, 
   0xff, 0xff, 0xff, 0xf8, 0xe0, 0xcf, 0x0f, 0xff, 0xff, 0xff, 0xff, 0xfe, 0x64, 0xcf, 0x3f, 0xff, 
   0xff, 0xff, 0xff, 0xf0, 0xe4, 0xc3, 0x0f, 0xff, 0xff, 0xff, 0xff, 0xff, 0xff, 0xff, 0xff, 0xff, 
   0xff, 0xff, 0xff, 0xff, 0xff, 0xff, 0xff, 0xff, 0xff, 0xff, 0xff, 0xff, 0xff, 0xff, 0xff, 0xff, 
   0xff, 0xff, 0xff, 0xff, 0xff, 0xff, 0xff, 0xff
};

const unsigned char bm_online [] PROGMEM = {
   0xff, 0xff, 0xff, 0xff, 0xff, 0xff, 0xff, 0xff, 0xff, 0xff, 0xff, 0xff, 0xff, 0xff, 0xff, 0xff, 
   0xff, 0xff, 0xff, 0xff, 0xff, 0xff, 0xff, 0xff, 0xff, 0xff, 0xff, 0xff, 0xff, 0xff, 0xff, 0xff, 
   0xff, 0xff, 0xff, 0xff, 0xff, 0xff, 0xff, 0xff, 0xff, 0xff, 0xff, 0xff, 0xff, 0xff, 0xff, 0xff, 
   0xff, 0xff, 0xff, 0xff, 0xff, 0xff, 0xff, 0xff, 0xc2, 0x1c, 0x66, 0x61, 0x8c, 0x24, 0x90, 0x87, 
   0xe6, 0x49, 0x22, 0x4f, 0x24, 0xe4, 0x93, 0x93, 0xe6, 0x18, 0x20, 0x63, 0x3c, 0x26, 0x30, 0x87, 
   0xe6, 0x19, 0x24, 0x79, 0x24, 0xe6, 0x33, 0x87, 0xe6, 0x49, 0x26, 0x43, 0x8c, 0x27, 0x70, 0x93, 
   0xff, 0xff, 0xff, 0xff, 0xff, 0xff, 0xff, 0xff, 0xff, 0xff, 0xff, 0xff, 0xff, 0xff, 0xff, 0xff, 
   0xff, 0xff, 0xff, 0xff, 0xff, 0xff, 0xff, 0xff, 0xff, 0xf1, 0xe6, 0x73, 0xe7, 0x33, 0x87, 0xff, 
   0xff, 0xe4, 0xe2, 0x73, 0xe7, 0x13, 0x9f, 0xff, 0xff, 0xe4, 0xe0, 0x73, 0xe7, 0x03, 0x87, 0xff, 
   0xff, 0xe4, 0xe4, 0x73, 0xe7, 0x23, 0x9f, 0xff, 0xff, 0xf1, 0xe6, 0x70, 0xe7, 0x33, 0x87, 0xff, 
   0xff, 0xff, 0xff, 0xff, 0xff, 0xff, 0xff, 0xff, 0xff, 0xff, 0xff, 0xff, 0xff, 0xff, 0xff, 0xff, 
   0xff, 0xff, 0xff, 0xff, 0xff, 0xff, 0xff, 0xff, 0xff, 0xff, 0xff, 0xff, 0xff, 0xff, 0xff, 0xff, 
   0xff, 0xff, 0xff, 0xff, 0xff, 0xff, 0xff, 0xff, 0xff, 0xff, 0xff, 0xff, 0xff, 0xff, 0xff, 0xff, 
   0xff, 0xff, 0xff, 0xff, 0xff, 0xff, 0xff, 0xff
};

const unsigned char bm_pairing [] PROGMEM = {
   0xff, 0xff, 0xff, 0xff, 0xff, 0xff, 0xff, 0xff, 0xff, 0xff, 0xff, 0xff, 0xff, 0xff, 0xff, 0xff, 
   0xff, 0xff, 0xff, 0xff, 0xff, 0xff, 0xff, 0xff, 0xff, 0xff, 0xff, 0xff, 0xff, 0xff, 0xff, 0xff, 
   0xff, 0xf0, 0xe3, 0x98, 0x73, 0x33, 0x87, 0xff, 0xff, 0xf2, 0xc9, 0x99, 0x33, 0x13, 0x3f, 0xff, 
   0xff, 0xf0, 0xc1, 0x98, 0x73, 0x03, 0x27, 0xff, 0xff, 0xf3, 0xc9, 0x98, 0x73, 0x23, 0x27, 0xff, 
   0xff, 0xf3, 0xc9, 0x99, 0x33, 0x33, 0x8f, 0xff, 0xff, 0xff, 0xff, 0xff, 0xff, 0xff, 0xff, 0xff, 
   0xff, 0xff, 0xff, 0xff, 0xff, 0xff, 0xff, 0xff, 0xff, 0xff, 0xff, 0xff, 0xff, 0xff, 0xff, 0xff, 
   0xff, 0xff, 0xff, 0xff, 0xff, 0xff, 0xff, 0xff, 0xff, 0xff, 0xff, 0xff, 0xff, 0xff, 0xff, 0xff, 
   0xff, 0xff, 0xff, 0xff, 0xff, 0xff, 0xff, 0xff, 0xff, 0xff, 0xff, 0xff, 0xff, 0xff, 0xff, 0xff, 
   0xff, 0xff, 0xff, 0xff, 0xff, 0xff, 0xff, 0xff, 0xff, 0xff, 0xff, 0xff, 0xff, 0xff, 0xff, 0xff, 
   0xff, 0xff, 0xff, 0xff, 0xff, 0xff, 0xff, 0xff, 0xff, 0xff, 0xff, 0xff, 0xff, 0xff, 0xff, 0xff, 
   0xff, 0xff, 0xff, 0xff, 0xff, 0xff, 0xff, 0xff, 0xff, 0xff, 0xff, 0xff, 0xff, 0xff, 0xff, 0xff, 
   0xff, 0xff, 0xff, 0xff, 0xff, 0xff, 0xff, 0xff, 0xff, 0xff, 0xff, 0xff, 0xff, 0xff, 0xff, 0xff, 
   0xff, 0xff, 0xff, 0xff, 0xff, 0xff, 0xff, 0xff, 0xff, 0xff, 0xff, 0xff, 0xff, 0xff, 0xff, 0xff, 
   0xff, 0xff, 0xff, 0xff, 0xff, 0xff, 0xff, 0xff
};

const unsigned char bm_n_uh [] PROGMEM = {
   0x07, 0x27, 0x27, 0x27, 0x07, 0x8f, 0x8f, 0xcf, 0xcf, 0xcf, 0x07, 0xe7, 0x07, 0x3f, 0x07, 0x07, 
   0xe7, 0xc7, 0xe7, 0x07, 0x27, 0x27, 0x07, 0xe7, 0xe7, 0x07, 0x3f, 0x07, 0xe7, 0x07, 0x07, 0x3f, 
   0x07, 0x27, 0x07, 0x07, 0xc7, 0xcf, 0x9f, 0x1f, 0x07, 0x27, 0x07, 0x27, 0x07, 0x07, 0x27, 0x07, 
   0xe7, 0xe7
};

const unsigned char bm_plug [] PROGMEM = {
   0x00, 0x00, 0x00, 0x00, 0x1c, 0x00, 0x00, 0x7f, 0x80, 0x55, 0xfc, 0x00, 0xaa, 0xfc, 0x00, 0x00, 
   0x7f, 0x80, 0x00, 0x1c, 0x00
};

const unsigned char bm_hg_low [] PROGMEM = {
   0xf8, 0x88, 0x88, 0x50, 0x20, 0x50, 0x88, 0xf8, 0xf8
};

const unsigned char bm_hg_high [] PROGMEM = {
   0xf8, 0x88, 0xf8, 0x70, 0x20, 0x70, 0xf8, 0xf8, 0xf8
};

const unsigned char bm_dot_sqr [] PROGMEM = {
	0xaa, 0xd5, 0x40, 0x00, 0x00, 0x00, 0x80, 0x00, 0x40, 0x00, 0x00, 0x00, 0x80, 0x00, 0x40, 0x00, 
	0x00, 0x00, 0x80, 0x00, 0x40, 0x00, 0x00, 0x00, 0x80, 0x00, 0x40, 0x00, 0x00, 0x00, 0x80, 0x00, 
	0x40, 0x00, 0x00, 0x00, 0x80, 0x00, 0x40, 0x00, 0x00, 0x00, 0x80, 0x00, 0x40, 0x00, 0x00, 0x00, 
	0x80, 0x00, 0x40, 0x00, 0x00, 0x00, 0xaa, 0xd5, 0x40
};

const unsigned short bm_gps[] PROGMEM = {
0x0000, 0x0000, 0x0000, 0x0000, 0x0000, 0x0000, 0x0000, 0x0000, 0x0000, 0x0000, 0x0000, 0x0000, 0x0000, 0x0000, 0x0000, 0x0000, 
0x0000, 0x0000, 0x0000, 0x0000, 0x0000, 0x0000, 0x0000, 0x0000, 0x0000, 0x0000, 0x0000, 0x0000, 0x0000, 0x0000, 0x0000, 0x0000, 
0x0000, 0x0000, 0x0000, 0x0000, 0x0000, 0x0000, 0x0000, 0x0000, 0x0000, 0x0000, 0x0000, 0x0000, 0x0000, 0x0000, 0x0000, 0x0000, 
0x0000, 0x0000, 0x0000, 0x0000, 0x0000, 0x0000, 0x0000, 0x0000, 0x0000, 0x0000, 0x0000, 0x0000, 0x0000, 0x0000, 0x0000, 0x0000, 
0x0000, 0x0000, 0x0000, 0x0000, 0x0000, 0x0000, 0x0000, 0x0000, 0x0000, 0x0000, 0x0000, 0x0000, 0x0000, 0x0000, 0x0000, 0x0000, 
0x0000, 0x0000, 0x0000, 0x0000, 0x0000, 0x0000, 0x0000, 0x0000, 0x0000, 0x0000, 0x0000, 0x0000, 0x0000, 0x0000, 0x0000, 0x0000, 
0x0000, 0x0000, 0x0000, 0x0000, 0x0000, 0x0000, 0x0000, 0x0000, 0x0000, 0x0000, 0x0000, 0x0000, 0x0000, 0x0000, 0x0000, 0x0000, 
0x0000, 0x0000, 0x0000, 0x0000, 0x0000, 0x0000, 0x0000, 0x0000, 0x0000, 0x0000, 0x0000, 0x0000, 0x0000, 0x0000, 0x0000, 0x0000, 
0x0000, 0x0000, 0x0000, 0x0000, 0x0000, 0x0000, 0x0000, 0x0000, 0x0000, 0x0000, 0x0000, 0x0000, 0x0000, 0x0000, 0x0000, 0x0000, 
0x0000, 0x0000, 0x0000, 0x0000, 0x0000, 0x0000, 0x0000, 0x0000, 0x0000, 0x0000, 0x0000, 0x0000, 0x0000, 0x0000, 0x0000, 0x0000, 
0x0000, 0x0000, 0x0000, 0x0000, 0x0000, 0x0000, 0x0000, 0x0000, 0x0000, 0x0000, 0x0000, 0x0000, 0x0000, 0x0000, 0x0000, 0x0000, 
0x0000, 0x0000, 0x0000, 0x0000, 0x0000, 0x0000, 0x0000, 0x0000, 0x0000, 0x0000, 0x0000, 0x0000, 0x0000, 0x0000, 0x0000, 0x0000, 
0x0000, 0x0000, 0x0000, 0x0000, 0x0000, 0x0000, 0x0000, 0x0000, 0x0000, 0x0000, 0x0000, 0x0000, 0x0000, 0x0000, 0x0000, 0x0000, 
0x0000, 0x0000, 0x0000, 0x0000, 0x0000, 0x0000, 0x0000, 0x0000, 0x0000, 0x0000, 0x0000, 0x0000, 0x0000, 0x0000, 0x0000, 0x0000, 
0x0000, 0x0000, 0x0000, 0x0000, 0x0000, 0x0000, 0x0000, 0x0000, 0x0000, 0x0000, 0x0000, 0x0000, 0x0000, 0x0000, 0x0000, 0x0000, 
0x0000, 0x0000, 0x0000, 0x0000, 0x0000, 0x0000, 0x0000, 0x0000, 0x0000, 0x0000, 0x0000, 0x0000, 0x0000, 0x0000, 0x0000, 0x0000, 
0x0000, 0x0000, 0x0000, 0x0000, 0x0000, 0x0000, 0x0000, 0x0000, 0x0000, 0x0000, 0x0000, 0x0000, 0x0000, 0x0000, 0x0000, 0x0000, 
0x0000, 0x0000, 0x0000, 0x0000, 0x0000, 0x0000, 0x0000, 0x0000, 0x0000, 0x0000, 0x0000, 0x0000, 0x0000, 0x0000, 0x0000, 0x0000, 
0x0000, 0x0000, 0x0000, 0x0000, 0x0000, 0x0000, 0x0000, 0x0000, 0x0000, 0x0000, 0x0000, 0x0000, 0x0000, 0x0000, 0x0000, 0x0000, 
0x0000, 0x0000, 0x0000, 0x0000, 0x0000, 0x0000, 0x0000, 0x0000, 0x0000, 0x0000, 0x0000, 0x0000, 0x0000, 0x0000, 0x0000, 0x0000, 
0x0000, 0x0000, 0x0000, 0x0000, 0x0000, 0x0000, 0x0000, 0x0000, 0x0000, 0x0000, 0x0000, 0x0000, 0x0000, 0x0000, 0x0000, 0x0000, 
0x0000, 0x0000, 0x0000, 0x0000, 0x0000, 0x0000, 0x0000, 0x0000, 0x0000, 0x0000, 0x0000, 0x0000, 0x0000, 0x0000, 0x0000, 0x0000, 
0x0000, 0x0000, 0x0000, 0x0000, 0x0000, 0x0000, 0x0000, 0x0000, 0x0000, 0x0000, 0x0000, 0x0000, 0x0000, 0x0000, 0x0000, 0x0000, 
0x0000, 0x0000, 0x0000, 0x0000, 0x0000, 0x0000, 0x0000, 0x0000, 0x0000, 0x0000, 0x0000, 0x0000, 0x0000, 0x0000, 0x0000, 0x0000, 
0x0000, 0x0000, 0x0000, 0xFFFF, 0xFFFF, 0xFFFF, 0xFFFF, 0xFFFF, 0xFFFF, 0xFFFF, 0xFFFF, 0x0000, 0xFFFF, 0xFFFF, 0xFFFF, 0xFFFF, 
0xFFFF, 0xFFFF, 0xFFFF, 0xFFFF, 0x0000, 0xFFFF, 0xFFFF, 0xFFFF, 0xFFFF, 0xFFFF, 0xFFFF, 0xFFFF, 0xFFFF, 0x0000, 0x0000, 0x0000, 
0x0000, 0x0000, 0x0000, 0xFFFF, 0xFFFF, 0xFFFF, 0xFFFF, 0xFFFF, 0xFFFF, 0xFFFF, 0xFFFF, 0x0000, 0xFFFF, 0xFFFF, 0xFFFF, 0xFFFF, 
0xFFFF, 0xFFFF, 0xFFFF, 0xFFFF, 0x0000, 0xFFFF, 0xFFFF, 0xFFFF, 0xFFFF, 0xFFFF, 0xFFFF, 0xFFFF, 0xFFFF, 0x0000, 0x0000, 0x0000, 
0x0000, 0x0000, 0x0000, 0xFFFF, 0xFFFF, 0x0000, 0x0000, 0x0000, 0x0000, 0x0000, 0x0000, 0x0000, 0xFFFF, 0xFFFF, 0x0000, 0x0000, 
0x0000, 0x0000, 0xFFFF, 0xFFFF, 0x0000, 0xFFFF, 0xFFFF, 0x0000, 0x0000, 0x0000, 0x0000, 0x0000, 0x0000, 0x0000, 0x0000, 0x0000, 
0x0000, 0x0000, 0x0000, 0xFFFF, 0xFFFF, 0x0000, 0xFFFF, 0xFFFF, 0xFFFF, 0xFFFF, 0xFFFF, 0x0000, 0xFFFF, 0xFFFF, 0xFFFF, 0xFFFF, 
0xFFFF, 0xFFFF, 0xFFFF, 0xFFFF, 0x0000, 0xFFFF, 0xFFFF, 0xFFFF, 0xFFFF, 0xFFFF, 0xFFFF, 0xFFFF, 0xFFFF, 0x0000, 0x0000, 0x0000, 
0x0000, 0x0000, 0x0000, 0xFFFF, 0xFFFF, 0x0000, 0xFFFF, 0xFFFF, 0xFFFF, 0xFFFF, 0xFFFF, 0x0000, 0xFFFF, 0xFFFF, 0xFFFF, 0xFFFF, 
0xFFFF, 0xFFFF, 0xFFFF, 0xFFFF, 0x0000, 0xFFFF, 0xFFFF, 0xFFFF, 0xFFFF, 0xFFFF, 0xFFFF, 0xFFFF, 0xFFFF, 0x0000, 0x0000, 0x0000, 
0x0000, 0x0000, 0x0000, 0xFFFF, 0xFFFF, 0x0000, 0x0000, 0x0000, 0x0000, 0xFFFF, 0xFFFF, 0x0000, 0xFFFF, 0xFFFF, 0x0000, 0x0000, 
0x0000, 0x0000, 0x0000, 0x0000, 0x0000, 0x0000, 0x0000, 0x0000, 0x0000, 0x0000, 0x0000, 0xFFFF, 0xFFFF, 0x0000, 0x0000, 0x0000, 
0x0000, 0x0000, 0x0000, 0xFFFF, 0xFFFF, 0xFFFF, 0xFFFF, 0xFFFF, 0xFFFF, 0xFFFF, 0xFFFF, 0x0000, 0xFFFF, 0xFFFF, 0x0000, 0x0000, 
0x0000, 0x0000, 0x0000, 0x0000, 0x0000, 0xFFFF, 0xFFFF, 0xFFFF, 0xFFFF, 0xFFFF, 0xFFFF, 0xFFFF, 0xFFFF, 0x0000, 0x0000, 0x0000, 
0x0000, 0x0000, 0x0000, 0xFFFF, 0xFFFF, 0xFFFF, 0xFFFF, 0xFFFF, 0xFFFF, 0xFFFF, 0xFFFF, 0x0000, 0xFFFF, 0xFFFF, 0x0000, 0x0000, 
0x0000, 0x0000, 0x0000, 0x0000, 0x0000, 0xFFFF, 0xFFFF, 0xFFFF, 0xFFFF, 0xFFFF, 0xFFFF, 0xFFFF, 0xFFFF, 0x0000, 0x0000, 0x0000, 
0x0000, 0x0000, 0x0000, 0x0000, 0x0000, 0x0000, 0x0000, 0x0000, 0x0000, 0x0000, 0x0000, 0x0000, 0x0000, 0x0000, 0x0000, 0x0000, 
0x0000, 0x0000, 0x0000, 0x0000, 0x0000, 0x0000, 0x0000, 0x0000, 0x0000, 0x0000, 0x0000, 0x0000, 0x0000, 0x0000, 0x0000, 0x0000, 
0x0000, 0x0000, 0x0000, 0x0000, 0x0000, 0x0000, 0x0000, 0x0000, 0x0000, 0x0000, 0x0000, 0x0000, 0x0000, 0x0000, 0x0000, 0x0000, 
0x0000, 0x0000, 0x0000, 0x0000, 0x0000, 0x0000, 0x0000, 0x0000, 0x0000, 0x0000, 0x0000, 0x0000, 0x0000, 0x0000, 0x0000, 0x0000, 
0x0000, 0x0000, 0x0000, 0x0000, 0x0000, 0x0000, 0x0000, 0x0000, 0x0000, 0x0000, 0x0000, 0x0000, 0x0000, 0x0000, 0x0000, 0x0000, 
0x0000, 0x0000, 0x0000, 0x0000, 0x0000, 0x0000, 0x0000, 0x0000, 0x0000, 0x0000, 0x0000, 0x0000, 0x0000, 0x0000, 0x0000, 0x0000, 
0x0000, 0x0000, 0x0000, 0x0000, 0x0000, 0x0000, 0x0000, 0x0000, 0x0000, 0x0000, 0x0000, 0x0000, 0x0000, 0x0000, 0x0000, 0x0000, 
0x0000, 0x0000, 0x0000, 0x0000, 0x0000, 0x0000, 0x0000, 0x0000, 0x0000, 0x0000, 0x0000, 0x0000, 0x0000, 0x0000, 0x0000, 0x0000, 
0x0000, 0x0000, 0x0000, 0x0000, 0x0000, 0x0000, 0x0000, 0x0000, 0x0000, 0x0000, 0x0000, 0x0000, 0x0000, 0x0000, 0x0000, 0x0000, 
0x0000, 0x0000, 0x0000, 0x0000, 0x0000, 0x0000, 0x0000, 0x0000, 0x0000, 0x0000, 0x0000, 0x0000, 0x0000, 0x0000, 0x0000, 0x0000, 
0x0000, 0x0000, 0x0000, 0x0000, 0x0000, 0x0000, 0x0000, 0x0000, 0x0000, 0x0000, 0x0000, 0x0000, 0x0000, 0x0000, 0x0000, 0x0000, 
0x0000, 0x0000, 0x0000, 0x0000, 0x0000, 0x0000, 0x0000, 0x0000, 0x0000, 0x0000, 0x0000, 0x0000, 0x0000, 0x0000, 0x0000, 0x0000, 
0x0000, 0x0000, 0x0000, 0x0000, 0x0000, 0x0000, 0x0000, 0x0000, 0x0000, 0x0000, 0x0000, 0x0000, 0x0000, 0x0000, 0x0000, 0x0000, 
0x0000, 0x0000, 0x0000, 0x0000, 0x0000, 0x0000, 0x0000, 0x0000, 0x0000, 0x0000, 0x0000, 0x0000, 0x0000, 0x0000, 0x0000, 0x0000, 
0x0000, 0x0000, 0x0000, 0x0000, 0x0000, 0x0000, 0x0000, 0x0000, 0x0000, 0x0000, 0x0000, 0x0000, 0x0000, 0x0000, 0x0000, 0x0000, 
0x0000, 0x0000, 0x0000, 0x0000, 0x0000, 0x0000, 0x0000, 0x0000, 0x0000, 0x0000, 0x0000, 0x0000, 0x0000, 0x0000, 0x0000, 0x0000, 
0x0000, 0x0000, 0x0000, 0x0000, 0x0000, 0x0000, 0x0000, 0x0000, 0x0000, 0x0000, 0x0000, 0x0000, 0x0000, 0x0000, 0x0000, 0x0000, 
0x0000, 0x0000, 0x0000, 0x0000, 0x0000, 0x0000, 0x0000, 0x0000, 0x0000, 0x0000, 0x0000, 0x0000, 0x0000, 0x0000, 0x0000, 0x0000, 
0x0000, 0x0000, 0x0000, 0x0000, 0x0000, 0x0000, 0x0000, 0x0000, 0x0000, 0x0000, 0x0000, 0x0000, 0x0000, 0x0000, 0x0000, 0x0000, 
0x0000, 0x0000, 0x0000, 0x0000, 0x0000, 0x0000, 0x0000, 0x0000, 0x0000, 0x0000, 0x0000, 0x0000, 0x0000, 0x0000, 0x0000, 0x0000, 
0x0000, 0x0000, 0x0000, 0x0000, 0x0000, 0x0000, 0x0000, 0x0000, 0x0000, 0x0000, 0x0000, 0x0000, 0x0000, 0x0000, 0x0000, 0x0000, 
0x0000, 0x0000, 0x0000, 0x0000, 0x0000, 0x0000, 0x0000, 0x0000, 0x0000, 0x0000, 0x0000, 0x0000, 0x0000, 0x0000, 0x0000, 0x0000, 
0x0000, 0x0000, 0x0000, 0x0000, 0x0000, 0x0000, 0x0000, 0x0000, 0x0000, 0x0000, 0x0000, 0x0000, 0x0000, 0x0000, 0x0000, 0x0000, 
0x0000, 0x0000, 0x0000, 0x0000, 0x0000, 0x0000, 0x0000, 0x0000, 0x0000, 0x0000, 0x0000, 0x0000, 0x0000, 0x0000, 0x0000, 0x0000, 
0x0000, 0x0000, 0x0000, 0x0000, 0x0000, 0x0000, 0x0000, 0x0000, 0x0000, 0x0000, 0x0000, 0x0000, 0x0000, 0x0000, 0x0000, 0x0000, 
0x0000, 0x0000, 0x0000, 0x0000, 0x0000, 0x0000, 0x0000, 0x0000, 0x0000, 0x0000, 0x0000, 0x0000, 0x0000, 0x0000, 0x0000, 0x0000, 
0x0000, 0x0000, 0x0000, 0x0000, 0x0000, 0x0000, 0x0000, 0x0000, 0x0000, 0x0000, 0x0000, 0x0000, 0x0000, 0x0000, 0x0000, 0x0000, 
0x0000, 0x0000, 0x0000, 0x0000, 0x0000, 0x0000, 0x0000, 0x0000, 0x0000, 0x0000, 0x0000, 0x0000, 0x0000, 0x0000, 0x0000, 0x0000, 
0x0000, 0x0000, 0x0000, 0x0000, 0x0000, 0x0000, 0x0000, 0x0000, 0x0000, 0x0000, 0x0000, 0x0000, 0x0000, 0x0000, 0x0000, 0x0000, 
0x0000, 0x0000, 0x0000, 0x0000, 0x0000, 0x0000, 0x0000, 0x0000, 0x0000, 0x0000, 0x0000, 0x0000, 0x0000, 0x0000, 0x0000, 0x0000, 
0x0000, 0x0000, 0x0000, 0x0000, 0x0000, 0x0000, 0x0000, 0x0000, 0x0000, 0x0000, 0x0000, 0x0000, 0x0000, 0x0000, 0x0000, 0x0000, 
0x0000, 0x0000, 0x0000, 0x0000, 0x0000, 0x0000, 0x0000, 0x0000, 0x0000, 0x0000, 0x0000, 0x0000, 0x0000, 0x0000, 0x0000, 0x0000, 
0x0000, 0x0000, 0x0000, 0x0000, 0x0000, 0x0000, 0x0000, 0x0000, 0x0000, 0x0000, 0x0000, 0x0000, 0x0000, 0x0000, 0x0000, 0x0000, 
0x0000, 0x0000, 0x0000, 0x0000, 0x0000, 0x0000, 0x0000, 0x0000, 0x0000, 0x0000, 0x0000, 0x0000, 0x0000, 0x0000, 0x0000, 0x0000, 
0x0000, 0x0000, 0x0000, 0x0000, 0x0000, 0x0000, 0x0000, 0x0000, 0x0000, 0x0000, 0x0000, 0x0000, 0x0000, 0x0000, 0x0000, 0x0000, 
0x0000, 0x0000, 0x0000, 0x0000, 0x0000, 0x0000, 0x0000, 0x0000, 0x0000, 0x0000, 0x0000, 0x0000, 0x0000, 0x0000, 0x0000, 0x0000, 
0x0000, 0x0000, 0x0000, 0x0000, 0x0000, 0x0000, 0x0000, 0x0000, 0x0000, 0x0000, 0x0000, 0x0000, 0x0000, 0x0000, 0x0000, 0x0000, 
0x0000, 0x0000, 0x0000, 0x0000, 0x0000, 0x0000, 0x0000, 0x0000, 0x0000, 0x0000, 0x0000, 0x0000, 0x0000, 0x0000, 0x0000, 0x0000, 
0x0000, 0x0000, 0x0000, 0x0000, 0x0000, 0x0000, 0x0000, 0x0000, 0x0000, 0x0000, 0x0000, 0x0000, 0x0000, 0x0000, 0x0000, 0x0000, 
0x0000, 0x0000, 0x0000, 0x0000, 0x0000, 0x0000, 0x0000, 0x0000, 0x0000, 0x0000, 0x0000, 0x0000, 0x0000, 0x0000, 0x0000, 0x0000, 
0x0000, 0x0000, 0x0000, 0x0000, 0x0000, 0x0000, 0x0000, 0x0000, 0x0000, 0x0000, 0x0000, 0x0000, 0x0000, 0x0000, 0x0000, 0x0000, 
0x0000, 0x0000, 0x0000, 0x0000, 0x0000, 0x0000, 0x0000, 0x0000, 0x0000, 0x0000, 0x0000, 0x0000, 0x0000, 0x0000, 0x0000, 0x0000, 
0x0000, 0x0000, 0x0000, 0x0000, 0x0000, 0x0000, 0x0000, 0x0000, 0x0000, 0x0000, 0x0000, 0x0000, 0x0000, 0x0000, 0x0000, 0x0000, 
0x0000, 0x0000, 0x0000, 0x0000, 0x0000, 0x0000, 0x0000, 0x0000, 0x0000, 0x0000, 0x0000, 0x0000, 0x0000, 0x0000, 0x0000, 0x0000, 
0x0000, 0x0000, 0x0000, 0x0000, 0x0000, 0x0000, 0x0000, 0x0000, 0x0000, 0x0000, 0x0000, 0x0000, 0x0000, 0x0000, 0x0000, 0x0000, 
0x0000, 0x0000, 0x0000, 0x0000, 0x0000, 0x0000, 0x0000, 0x0000, 0x0000, 0x0000, 0x0000, 0x0000, 0x0000, 0x0000, 0x0000, 0x0000, 
0x0000, 0x0000, 0x0000, 0x0000, 0x0000, 0x0000, 0x0000, 0x0000, 0x0000, 0x0000, 0x0000, 0x0000, 0x0000, 0x0000, 0x0000, 0x0000, 
0x0000, 0x0000, 0x0000, 0x0000, 0x0000, 0x0000, 0x0000, 0x0000, 0x0000, 0x0000, 0x0000, 0x0000, 0x0000, 0x0000, 0x0000, 0x0000, 
0x0000, 0x0000, 0x0000, 0x0000, 0x0000, 0x0000, 0x0000, 0x0000, 0x0000, 0x0000, 0x0000, 0x0000, 0x0000, 0x0000, 0x0000, 0x0000, 
0x0000, 0x0000, 0x0000, 0x0000, 0x0000, 0x0000, 0x0000, 0x0000, 0x0000, 0x0000, 0x0000, 0x0000, 0x0000, 0x0000, 0x0000, 0x0000, 
0x0000, 0x0000, 0x0000, 0x0000, 0x0000, 0x0000, 0x0000, 0x0000, 0x0000, 0x0000, 0x0000, 0x0000, 0x0000, 0x0000, 0x0000, 0x0000, 
0x0000, 0x0000, 0x0000, 0x0000, 0x0000, 0x0000, 0x0000, 0x0000, 0x0000, 0x0000, 0x0000, 0x0000, 0x0000, 0x0000, 0x0000, 0x0000, 
0x0000, 0x0000, 0x0000, 0xF800, 0xF800, 0xF800, 0xF800, 0xF800, 0xF800, 0xF800, 0xF800, 0x0000, 0xF800, 0xF800, 0xF800, 0xF800, 
0xF800, 0xF800, 0xF800, 0xF800, 0x0000, 0xF800, 0xF800, 0xF800, 0xF800, 0xF800, 0xF800, 0xF800, 0xF800, 0x0000, 0x0000, 0x0000, 
0x0000, 0x0000, 0x0000, 0xF800, 0xF800, 0xF800, 0xF800, 0xF800, 0xF800, 0xF800, 0xF800, 0x0000, 0xF800, 0xF800, 0xF800, 0xF800, 
0xF800, 0xF800, 0xF800, 0xF800, 0x0000, 0xF800, 0xF800, 0xF800, 0xF800, 0xF800, 0xF800, 0xF800, 0xF800, 0x0000, 0x0000, 0x0000, 
0x0000, 0x0000, 0x0000, 0xF800, 0xF800, 0x0000, 0x0000, 0x0000, 0x0000, 0x0000, 0x0000, 0x0000, 0xF800, 0xF800, 0x0000, 0x0000, 
0x0000, 0x0000, 0xF800, 0xF800, 0x0000, 0xF800, 0xF800, 0x0000, 0x0000, 0x0000, 0x0000, 0x0000, 0x0000, 0x0000, 0x0000, 0x0000, 
0x0000, 0x0000, 0x0000, 0xF800, 0xF800, 0x0000, 0xF800, 0xF800, 0xF800, 0xF800, 0xF800, 0x0000, 0xF800, 0xF800, 0xF800, 0xF800, 
0xF800, 0xF800, 0xF800, 0xF800, 0x0000, 0xF800, 0xF800, 0xF800, 0xF800, 0xF800, 0xF800, 0xF800, 0xF800, 0x0000, 0x0000, 0x0000, 
0x0000, 0x0000, 0x0000, 0xF800, 0xF800, 0x0000, 0xF800, 0xF800, 0xF800, 0xF800, 0xF800, 0x0000, 0xF800, 0xF800, 0xF800, 0xF800, 
0xF800, 0xF800, 0xF800, 0xF800, 0x0000, 0xF800, 0xF800, 0xF800, 0xF800, 0xF800, 0xF800, 0xF800, 0xF800, 0x0000, 0x0000, 0x0000, 
0x0000, 0x0000, 0x0000, 0xF800, 0xF800, 0x0000, 0x0000, 0x0000, 0x0000, 0xF800, 0xF800, 0x0000, 0xF800, 0xF800, 0x0000, 0x0000, 
0x0000, 0x0000, 0x0000, 0x0000, 0x0000, 0x0000, 0x0000, 0x0000, 0x0000, 0x0000, 0x0000, 0xF800, 0xF800, 0x0000, 0x0000, 0x0000, 
0x0000, 0x0000, 0x0000, 0xF800, 0xF800, 0xF800, 0xF800, 0xF800, 0xF800, 0xF800, 0xF800, 0x0000, 0xF800, 0xF800, 0x0000, 0x0000, 
0x0000, 0x0000, 0x0000, 0x0000, 0x0000, 0xF800, 0xF800, 0xF800, 0xF800, 0xF800, 0xF800, 0xF800, 0xF800, 0x0000, 0x0000, 0x0000, 
0x0000, 0x0000, 0x0000, 0xF800, 0xF800, 0xF800, 0xF800, 0xF800, 0xF800, 0xF800, 0xF800, 0x0000, 0xF800, 0xF800, 0x0000, 0x0000, 
0x0000, 0x0000, 0x0000, 0x0000, 0x0000, 0xF800, 0xF800, 0xF800, 0xF800, 0xF800, 0xF800, 0xF800, 0xF800, 0x0000, 0x0000, 0x0000, 
0x0000, 0x0000, 0x0000, 0x0000, 0x0000, 0x0000, 0x0000, 0x0000, 0x0000, 0x0000, 0x0000, 0x0000, 0x0000, 0x0000, 0x0000, 0x0000, 
0x0000, 0x0000, 0x0000, 0x0000, 0x0000, 0x0000, 0x0000, 0x0000, 0x0000, 0x0000, 0x0000, 0x0000, 0x0000, 0x0000, 0x0000, 0x0000, 
0x0000, 0x0000, 0x0000, 0x0000, 0x0000, 0x0000, 0x0000, 0x0000, 0x0000, 0x0000, 0x0000, 0x0000, 0x0000, 0x0000, 0x0000, 0x0000, 
0x0000, 0x0000, 0x0000, 0x0000, 0x0000, 0x0000, 0x0000, 0x0000, 0x0000, 0x0000, 0x0000, 0x0000, 0x0000, 0x0000, 0x0000, 0x0000, 
0x0000, 0x0000, 0x0000, 0x0000, 0x0000, 0x0000, 0x0000, 0x0000, 0x0000, 0x0000, 0x0000, 0x0000, 0x0000, 0x0000, 0x0000, 0x0000, 
0x0000, 0x0000, 0x0000, 0x0000, 0x0000, 0x0000, 0x0000, 0x0000, 0x0000, 0x0000, 0x0000, 0x0000, 0x0000, 0x0000, 0x0000, 0x0000, 
0x0000, 0x0000, 0x0000, 0x0000, 0x0000, 0x0000, 0x0000, 0x0000, 0x0000, 0x0000, 0x0000, 0x0000, 0x0000, 0x0000, 0x0000, 0x0000, 
0x0000, 0x0000, 0x0000, 0x0000, 0x0000, 0x0000, 0x0000, 0x0000, 0x0000, 0x0000, 0x0000, 0x0000, 0x0000, 0x0000, 0x0000, 0x0000, 
0x0000, 0x0000, 0x0000, 0x0000, 0x0000, 0x0000, 0x0000, 0x0000, 0x0000, 0x0000, 0x0000, 0x0000, 0x0000, 0x0000, 0x0000, 0x0000, 
0x0000, 0x0000, 0x0000, 0x0000, 0x0000, 0x0000, 0x0000, 0x0000, 0x0000, 0x0000, 0x0000, 0x0000, 0x0000, 0x0000, 0x0000, 0x0000, 
0x0000, 0x0000, 0x0000, 0x0000, 0x0000, 0x0000, 0x0000, 0x0000, 0x0000, 0x0000, 0x0000, 0x0000, 0x0000, 0x0000, 0x0000, 0x0000, 
0x0000, 0x0000, 0x0000, 0x0000, 0x0000, 0x0000, 0x0000, 0x0000, 0x0000, 0x0000, 0x0000, 0x0000, 0x0000, 0x0000, 0x0000, 0x0000, 
0x0000, 0x0000, 0x0000, 0x0000, 0x0000, 0x0000, 0x0000, 0x0000, 0x0000, 0x0000, 0x0000, 0x0000, 0x0000, 0x0000, 0x0000, 0x0000, 
0x0000, 0x0000, 0x0000, 0x0000, 0x0000, 0x0000, 0x0000, 0x0000, 0x0000, 0x0000, 0x0000, 0x0000, 0x0000, 0x0000, 0x0000, 0x0000, 
0x0000, 0x0000, 0x0000, 0x0000, 0x0000, 0x0000, 0x0000, 0x0000, 0x0000, 0x0000, 0x0000, 0x0000, 0x0000, 0x0000, 0x0000, 0x0000, 
0x0000, 0x0000, 0x0000, 0x0000, 0x0000, 0x0000, 0x0000, 0x0000, 0x0000, 0x0000, 0x0000, 0x0000, 0x0000, 0x0000, 0x0000, 0x0000, 
0x0000, 0x0000, 0x0000, 0x0000, 0x0000, 0x0000, 0x0000, 0x0000, 0x0000, 0x0000, 0x0000, 0x0000, 0x0000, 0x0000, 0x0000, 0x0000, 
0x0000, 0x0000, 0x0000, 0x0000, 0x0000, 0x0000, 0x0000, 0x0000, 0x0000, 0x0000, 0x0000, 0x0000, 0x0000, 0x0000, 0x0000, 0x0000, 
0x0000, 0x0000, 0x0000, 0x0000, 0x0000, 0x0000, 0x0000, 0x0000, 0x0000, 0x0000, 0x0000, 0x0000, 0x0000, 0x0000, 0x0000, 0x0000, 
0x0000, 0x0000, 0x0000, 0x0000, 0x0000, 0x0000, 0x0000, 0x0000, 0x0000, 0x0000, 0x0000, 0x0000, 0x0000, 0x0000, 0x0000, 0x0000, 
0x0000, 0x0000, 0x0000, 0x0000, 0x0000, 0x0000, 0x0000, 0x0000, 0x0000, 0x0000, 0x0000, 0x0000, 0x0000, 0x0000, 0x0000, 0x0000, 
0x0000, 0x0000, 0x0000, 0x0000, 0x0000, 0x0000, 0x0000, 0x0000, 0x0000, 0x0000, 0x0000, 0x0000, 0x0000, 0x0000, 0x0000, 0x0000, 
0x0000, 0x0000, 0x0000, 0x0000, 0x0000, 0x0000, 0x0000, 0x0000, 0x0000, 0x0000, 0x0000, 0x0000, 0x0000, 0x0000, 0x0000, 0x0000, 
0x0000, 0x0000, 0x0000, 0x0000, 0x0000, 0x0000, 0x0000, 0x0000, 0x0000, 0x0000, 0x0000, 0x0000, 0x0000, 0x0000, 0x0000, 0x0000, 
0x0000, 0x0000, 0x0000, 0x0000, 0x0000, 0x0000, 0x0000, 0x0000, 0x0000, 0x0000, 0x0000, 0x0000, 0x0000, 0x0000, 0x0000, 0x0000, 
0x0000, 0x0000, 0x0000, 0x0000, 0x0000, 0x0000, 0x0000, 0x0000, 0x0000, 0x0000, 0x0000, 0x0000, 0x0000, 0x0000, 0x0000, 0x0000, 
0x0000, 0x0000, 0x0000, 0x0000, 0x0000, 0x0000, 0x0000, 0x0000, 0x0000, 0x0000, 0x0000, 0x0000, 0x0000, 0x0000, 0x0000, 0x0000, 
0x0000, 0x0000, 0x0000, 0x0000, 0x0000, 0x0000, 0x0000, 0x0000, 0x0000, 0x0000, 0x0000, 0x0000, 0x0000, 0x0000, 0x0000, 0x0000, 
0x0000, 0x0000, 0x0000, 0x0000, 0x0000, 0x0000, 0x0000, 0x0000, 0x0000, 0x0000, 0x0000, 0x0000, 0x0000, 0x0000, 0x0000, 0x0000, 
0x0000, 0x0000, 0x0000, 0x0000, 0x0000, 0x0000, 0x0000, 0x0000, 0x0000, 0x0000, 0x0000, 0x0000, 0x0000, 0x0000, 0x0000, 0x0000, 
0x0000, 0x0000, 0x0000, 0x0000, 0x0000, 0x0000, 0x0000, 0x0000, 0x0000, 0x0000, 0x0000, 0x0000, 0x0000, 0x0000, 0x0000, 0x0000, 
0x0000, 0x0000, 0x0000, 0x0000, 0x0000, 0x0000, 0x0000, 0x0000, 0x0000, 0x0000, 0x0000, 0x0000, 0x0000, 0x0000, 0x0000, 0x0000, 
0x0000, 0x0000, 0x0000, 0x0000, 0x0000, 0x0000, 0x0000, 0x0000, 0x0000, 0x0000, 0x0000, 0x0000, 0x0000, 0x0000, 0x0000, 0x0000, 
0x0000, 0x0000, 0x0000, 0x0000, 0x0000, 0x0000, 0x0000, 0x0000, 0x0000, 0x0000, 0x0000, 0x0000, 0x0000, 0x0000, 0x0000, 0x0000, 
0x0000, 0x0000, 0x0000, 0x0000, 0x0000, 0x0000, 0x0000, 0x0000, 0x0000, 0x0000, 0x0000, 0x0000, 0x0000, 0x0000, 0x0000, 0x0000, 
0x0000, 0x0000, 0x0000, 0x0000, 0x0000, 0x0000, 0x0000, 0x0000, 0x0000, 0x0000, 0x0000, 0x0000, 0x0000, 0x0000, 0x0000, 0x0000, 
0x0000, 0x0000, 0x0000, 0x0000, 0x0000, 0x0000, 0x0000, 0x0000, 0x0000, 0x0000, 0x0000, 0x0000, 0x0000, 0x0000, 0x0000, 0x0000, 
0x0000, 0x0000, 0x0000, 0x0000, 0x0000, 0x0000, 0x0000, 0x0000, 0x0000, 0x0000, 0x0000, 0x0000, 0x0000, 0x0000, 0x0000, 0x0000, 
0x0000, 0x0000, 0x0000, 0x0000, 0x0000, 0x0000, 0x0000, 0x0000, 0x0000, 0x0000, 0x0000, 0x0000, 0x0000, 0x0000, 0x0000, 0x0000, 
0x0000, 0x0000, 0x0000, 0x0000, 0x0000, 0x0000, 0x0000, 0x0000, 0x0000, 0x0000, 0x0000, 0x0000, 0x0000, 0x0000, 0x0000, 0x0000, 
0x0000, 0x0000, 0x0000, 0x0000, 0x0000, 0x0000, 0x0000, 0x0000, 0x0000, 0x0000, 0x0000, 0x0000, 0x0000, 0x0000, 0x0000, 0x0000, 
0x0000, 0x0000, 0x0000, 0x0000, 0x0000, 0x0000, 0x0000, 0x0000, 0x0000, 0x0000, 0x0000, 0x0000, 0x0000, 0x0000, 0x0000, 0x0000, 
0x0000, 0x0000, 0x0000, 0x0000, 0x0000, 0x0000, 0x0000, 0x0000, 0x0000, 0x0000, 0x0000, 0x0000, 0x0000, 0x0000, 0x0000, 0x0000, 
0x0000, 0x0000, 0x0000, 0x0000, 0x0000, 0x0000, 0x0000, 0x0000, 0x0000, 0x0000, 0x0000, 0x0000, 0x0000, 0x0000, 0x0000, 0x0000, 
0x0000, 0x0000, 0x0000, 0x0000, 0x0000, 0x0000, 0x0000, 0x0000, 0x0000, 0x0000, 0x0000, 0x0000, 0x0000, 0x0000, 0x0000, 0x0000, 
0x0000, 0x0000, 0x0000, 0x0000, 0x0000, 0x0000, 0x0000, 0x0000, 0x0000, 0x0000, 0x0000, 0x0000, 0x0000, 0x0000, 0x0000, 0x0000, 
0x0000, 0x0000, 0x0000, 0x0000, 0x0000, 0x0000, 0x0000, 0x0000, 0x0000, 0x0000, 0x0000, 0x0000, 0x0000, 0x0000, 0x0000, 0x0000, 
0x0000, 0x0000, 0x0000, 0x0000, 0x0000, 0x0000, 0x0000, 0x0000, 0x0000, 0x0000, 0x0000, 0x0000, 0x0000, 0x0000, 0x0000, 0x0000, 
0x0000, 0x0000, 0x0000, 0x0000, 0x0000, 0x0000, 0x0000, 0x0000, 0x0000, 0x0000, 0x0000, 0x0000, 0x0000, 0x0000, 0x0000, 0x0000, 
0x0000, 0x0000, 0x0000, 0x0000, 0x0000, 0x0000, 0x0000, 0x0000, 0x0000, 0x0000, 0x0000, 0x0000, 0x0000, 0x0000, 0x0000, 0x0000, 
0x0000, 0x0000, 0x0000, 0x0000, 0x0000, 0x0000, 0x0000, 0x0000, 0x0000, 0x0000, 0x0000, 0x0000, 0x0000, 0x0000, 0x0000, 0x0000, 
0x0000, 0x0000, 0x0000, 0x0000, 0x0000, 0x0000, 0x0000, 0x0000, 0x0000, 0x0000, 0x0000, 0x0000, 0x0000, 0x0000, 0x0000, 0x0000, 
0x0000, 0x0000, 0x0000, 0x5660, 0x5660, 0x5660, 0x5660, 0x5660, 0x5660, 0x5660, 0x5660, 0x0000, 0x5660, 0x5660, 0x5660, 0x5660, 
0x5660, 0x5660, 0x5660, 0x5660, 0x0000, 0x5660, 0x5660, 0x5660, 0x5660, 0x5660, 0x5660, 0x5660, 0x5660, 0x0000, 0x0000, 0x0000, 
0x0000, 0x0000, 0x0000, 0x5660, 0x5660, 0x5660, 0x5660, 0x5660, 0x5660, 0x5660, 0x5660, 0x0000, 0x5660, 0x5660, 0x5660, 0x5660, 
0x5660, 0x5660, 0x5660, 0x5660, 0x0000, 0x5660, 0x5660, 0x5660, 0x5660, 0x5660, 0x5660, 0x5660, 0x5660, 0x0000, 0x0000, 0x0000, 
0x0000, 0x0000, 0x0000, 0x5660, 0x5660, 0x0000, 0x0000, 0x0000, 0x0000, 0x0000, 0x0000, 0x0000, 0x5660, 0x5660, 0x0000, 0x0000, 
0x0000, 0x0000, 0x5660, 0x5660, 0x0000, 0x5660, 0x5660, 0x0000, 0x0000, 0x0000, 0x0000, 0x0000, 0x0000, 0x0000, 0x0000, 0x0000, 
0x0000, 0x0000, 0x0000, 0x5660, 0x5660, 0x0000, 0x5660, 0x5660, 0x5660, 0x5660, 0x5660, 0x0000, 0x5660, 0x5660, 0x5660, 0x5660, 
0x5660, 0x5660, 0x5660, 0x5660, 0x0000, 0x5660, 0x5660, 0x5660, 0x5660, 0x5660, 0x5660, 0x5660, 0x5660, 0x0000, 0x0000, 0x0000, 
0x0000, 0x0000, 0x0000, 0x5660, 0x5660, 0x0000, 0x5660, 0x5660, 0x5660, 0x5660, 0x5660, 0x0000, 0x5660, 0x5660, 0x5660, 0x5660, 
0x5660, 0x5660, 0x5660, 0x5660, 0x0000, 0x5660, 0x5660, 0x5660, 0x5660, 0x5660, 0x5660, 0x5660, 0x5660, 0x0000, 0x0000, 0x0000, 
0x0000, 0x0000, 0x0000, 0x5660, 0x5660, 0x0000, 0x0000, 0x0000, 0x0000, 0x5660, 0x5660, 0x0000, 0x5660, 0x5660, 0x0000, 0x0000, 
0x0000, 0x0000, 0x0000, 0x0000, 0x0000, 0x0000, 0x0000, 0x0000, 0x0000, 0x0000, 0x0000, 0x5660, 0x5660, 0x0000, 0x0000, 0x0000, 
0x0000, 0x0000, 0x0000, 0x5660, 0x5660, 0x5660, 0x0664, 0x5660, 0x5660, 0x5660, 0x5660, 0x0000, 0x5660, 0x5660, 0x0000, 0x0000, 
0x0000, 0x0000, 0x0000, 0x0000, 0x0000, 0x5660, 0x5660, 0x5660, 0x5660, 0x5660, 0x5660, 0x5660, 0x5660, 0x0000, 0x0000, 0x0000, 
0x0000, 0x0000, 0x0000, 0x5660, 0x5660, 0x5660, 0x5660, 0x5660, 0x5660, 0x5660, 0x5660, 0x0000, 0x5660, 0x5660, 0x0000, 0x0000, 
0x0000, 0x0000, 0x0000, 0x0000, 0x0000, 0x5660, 0x5660, 0x5660, 0x5660, 0x5660, 0x5660, 0x5660, 0x5660, 0x0000, 0x0000, 0x0000, 
0x0000, 0x0000, 0x0000, 0x0000, 0x0000, 0x0000, 0x0000, 0x0000, 0x0000, 0x0000, 0x0000, 0x0000, 0x0000, 0x0000, 0x0000, 0x0000, 
0x0000, 0x0000, 0x0000, 0x0000, 0x0000, 0x0000, 0x0000, 0x0000, 0x0000, 0x0000, 0x0000, 0x0000, 0x0000, 0x0000, 0x0000, 0x0000, 
0x0000, 0x0000, 0x0000, 0x0000, 0x0000, 0x0000, 0x0000, 0x0000, 0x0000, 0x0000, 0x0000, 0x0000, 0x0000, 0x0000, 0x0000, 0x0000, 
0x0000, 0x0000, 0x0000, 0x0000, 0x0000, 0x0000, 0x0000, 0x0000, 0x0000, 0x0000, 0x0000, 0x0000, 0x0000, 0x0000, 0x0000, 0x0000, 
0x0000, 0x0000, 0x0000, 0x0000, 0x0000, 0x0000, 0x0000, 0x0000, 0x0000, 0x0000, 0x0000, 0x0000, 0x0000, 0x0000, 0x0000, 0x0000, 
0x0000, 0x0000, 0x0000, 0x0000, 0x0000, 0x0000, 0x0000, 0x0000, 0x0000, 0x0000, 0x0000, 0x0000, 0x0000, 0x0000, 0x0000, 0x0000, 
0x0000, 0x0000, 0x0000, 0x0000, 0x0000, 0x0000, 0x0000, 0x0000, 0x0000, 0x0000, 0x0000, 0x0000, 0x0000, 0x0000, 0x0000, 0x0000, 
0x0000, 0x0000, 0x0000, 0x0000, 0x0000, 0x0000, 0x0000, 0x0000, 0x0000, 0x0000, 0x0000, 0x0000, 0x0000, 0x0000, 0x0000, 0x0000, 
0x0000, 0x0000, 0x0000, 0x0000, 0x0000, 0x0000, 0x0000, 0x0000, 0x0000, 0x0000, 0x0000, 0x0000, 0x0000, 0x0000, 0x0000, 0x0000, 
0x0000, 0x0000, 0x0000, 0x0000, 0x0000, 0x0000, 0x0000, 0x0000, 0x0000, 0x0000, 0x0000, 0x0000, 0x0000, 0x0000, 0x0000, 0x0000, 
0x0000, 0x0000, 0x0000, 0x0000, 0x0000, 0x0000, 0x0000, 0x0000, 0x0000, 0x0000, 0x0000, 0x0000, 0x0000, 0x0000, 0x0000, 0x0000, 
0x0000, 0x0000, 0x0000, 0x0000, 0x0000, 0x0000, 0x0000, 0x0000, 0x0000, 0x0000, 0x0000, 0x0000, 0x0000, 0x0000, 0x0000, 0x0000, 
0x0000, 0x0000, 0x0000, 0x0000, 0x0000, 0x0000, 0x0000, 0x0000, 0x0000, 0x0000, 0x0000, 0x0000, 0x0000, 0x0000, 0x0000, 0x0000, 
0x0000, 0x0000, 0x0000, 0x0000, 0x0000, 0x0000, 0x0000, 0x0000, 0x0000, 0x0000, 0x0000, 0x0000, 0x0000, 0x0000, 0x0000, 0x0000, 
0x0000, 0x0000, 0x0000, 0x0000, 0x0000, 0x0000, 0x0000, 0x0000, 0x0000, 0x0000, 0x0000, 0x0000, 0x0000, 0x0000, 0x0000, 0x0000, 
0x0000, 0x0000, 0x0000, 0x0000, 0x0000, 0x0000, 0x0000, 0x0000, 0x0000, 0x0000, 0x0000, 0x0000, 0x0000, 0x0000, 0x0000, 0x0000, 
0x0000, 0x0000, 0x0000, 0x0000, 0x0000, 0x0000, 0x0000, 0x0000, 0x0000, 0x0000, 0x0000, 0x0000, 0x0000, 0x0000, 0x0000, 0x0000, 
0x0000, 0x0000, 0x0000, 0x0000, 0x0000, 0x0000, 0x0000, 0x0000, 0x0000, 0x0000, 0x0000, 0x0000, 0x0000, 0x0000, 0x0000, 0x0000, 
0x0000, 0x0000, 0x0000, 0x0000, 0x0000, 0x0000, 0x0000, 0x0000, 0x0000, 0x0000, 0x0000, 0x0000, 0x0000, 0x0000, 0x0000, 0x0000, 
0x0000, 0x0000, 0x0000, 0x0000, 0x0000, 0x0000, 0x0000, 0x0000, 0x0000, 0x0000, 0x0000, 0x0000, 0x0000, 0x0000, 0x0000, 0x0000, 
0x0000, 0x0000, 0x0000, 0x0000, 0x0000, 0x0000, 0x0000, 0x0000, 0x0000, 0x0000, 0x0000, 0x0000, 0x0000, 0x0000, 0x0000, 0x0000, 
0x0000, 0x0000, 0x0000, 0x0000, 0x0000, 0x0000, 0x0000, 0x0000, 0x0000, 0x0000, 0x0000, 0x0000, 0x0000, 0x0000, 0x0000, 0x0000, 
0x0000, 0x0000, 0x0000, 0x0000, 0x0000, 0x0000, 0x0000, 0x0000, 0x0000, 0x0000, 0x0000, 0x0000, 0x0000, 0x0000, 0x0000, 0x0000, 
0x0000, 0x0000, 0x0000, 0x0000, 0x0000, 0x0000, 0x0000, 0x0000, 0x0000, 0x0000, 0x0000, 0x0000, 0x0000, 0x0000, 0x0000, 0x0000, 
0x0000, 0x0000, 0x0000, 0x0000, 0x0000, 0x0000, 0x0000, 0x0000, 0x0000, 0x0000, 0x0000, 0x0000, 0x0000, 0x0000, 0x0000, 0x0000, 
0x0000, 0x0000, 0x0000, 0x0000, 0x0000, 0x0000, 0x0000, 0x0000, 0x0000, 0x0000, 0x0000, 0x0000, 0x0000, 0x0000, 0x0000, 0x0000, 
0x0000, 0x0000, 0x0000, 0x0000, 0x0000, 0x0000, 0x0000, 0x0000, 0x0000, 0x0000, 0x0000, 0x0000, 0x0000, 0x0000, 0x0000, 0x0000, 
0x0000, 0x0000, 0x0000, 0x0000, 0x0000, 0x0000, 0x0000, 0x0000, 0x0000, 0x0000, 0x0000, 0x0000, 0x0000, 0x0000, 0x0000, 0x0000, 
0x0000, 0x0000, 0x0000, 0x0000, 0x0000, 0x0000, 0x0000, 0x0000, 0x0000, 0x0000, 0x5660, 0x5660, 0x5660, 0x5660, 0x5660, 0x5660, 
0x5660, 0x5660, 0x5660, 0x5660, 0x5660, 0x5660, 0x0000, 0x0000, 0x0000, 0x0000, 0x0000, 0x0000, 0x0000, 0x0000, 0x0000, 0x0000, 
0x0000, 0x0000, 0x0000, 0x0000, 0x0000, 0x0000, 0x0000, 0x0000, 0x0000, 0x0000, 0x5660, 0x5660, 0x5660, 0x5660, 0x5660, 0x5660, 
0x5660, 0x5660, 0x5660, 0x5660, 0x5660, 0x5660, 0x0000, 0x0000, 0x0000, 0x0000, 0x0000, 0x0000, 0x0000, 0x0000, 0x0000, 0x0000, 
0x0000, 0x0000, 0x0000, 0x0000, 0x0000, 0x0000, 0x0000, 0x0000, 0x5660, 0x5660, 0x0000, 0x0000, 0x0000, 0x0000, 0x0000, 0x0000, 
0x0000, 0x0000, 0x0000, 0x0000, 0x0000, 0x0000, 0x5660, 0x5660, 0x0000, 0x0000, 0x0000, 0x0000, 0x0000, 0x0000, 0x0000, 0x0000, 
0x0000, 0x0000, 0x0000, 0x0000, 0x0000, 0x0000, 0x0000, 0x0000, 0x5660, 0x5660, 0x0000, 0x0000, 0x0000, 0x0000, 0x0000, 0x0000, 
0x0000, 0x0000, 0x0000, 0x0000, 0x0000, 0x0000, 0x5660, 0x5660, 0x0000, 0x0000, 0x0000, 0x0000, 0x0000, 0x0000, 0x0000, 0x0000, 
0x0000, 0x0000, 0x0000, 0x0000, 0x0000, 0x0000, 0x5660, 0x5660, 0x0000, 0x0000, 0x0000, 0x0000, 0x5660, 0x5660, 0x5660, 0x5660, 
0x5660, 0x5660, 0x5660, 0x5660, 0x0000, 0x0000, 0x0000, 0x0000, 0x5660, 0x5660, 0x0000, 0x0000, 0x0000, 0x0000, 0x0000, 0x0000, 
0x0000, 0x0000, 0x0000, 0x0000, 0x0000, 0x0000, 0x5660, 0x5660, 0x0000, 0x0000, 0x0000, 0x0000, 0x5660, 0x5660, 0x5660, 0x5660, 
0x5660, 0x5660, 0x5660, 0x5660, 0x0000, 0x0000, 0x0000, 0x0000, 0x5660, 0x5660, 0x0000, 0x0000, 0x0000, 0x0000, 0x0000, 0x0000, 
0x0000, 0x0000, 0x0000, 0x0000, 0x0000, 0x0000, 0x0000, 0x0000, 0x0000, 0x0000, 0x5660, 0x5660, 0x0000, 0x0000, 0x0000, 0x0000, 
0x0000, 0x0000, 0x0000, 0x0000, 0x5660, 0x5660, 0x0000, 0x0000, 0x0000, 0x0000, 0x0000, 0x0000, 0x0000, 0x0000, 0x0000, 0x0000, 
0x0000, 0x0000, 0x0000, 0x0000, 0x0000, 0x0000, 0x0000, 0x0000, 0x0000, 0x0000, 0x5660, 0x5660, 0x0000, 0x0000, 0x0000, 0x0000, 
0x0000, 0x0000, 0x0000, 0x0000, 0x5660, 0x5660, 0x0000, 0x0000, 0x0000, 0x0000, 0x0000, 0x0000, 0x0000, 0x0000, 0x0000, 0x0000, 
0x0000, 0x0000, 0x0000, 0x0000, 0x0000, 0x0000, 0x0000, 0x0000, 0x0000, 0x0000, 0x0000, 0x0000, 0x0000, 0x0000, 0x5660, 0x5660, 
0x5660, 0x5660, 0x0000, 0x0000, 0x0000, 0x0000, 0x0000, 0x0000, 0x0000, 0x0000, 0x0000, 0x0000, 0x0000, 0x0000, 0x0000, 0x0000, 
0x0000, 0x0000, 0x0000, 0x0000, 0x0000, 0x0000, 0x0000, 0x0000, 0x0000, 0x0000, 0x0000, 0x0000, 0x0000, 0x0000, 0x5660, 0x5660, 
0x5660, 0x5660, 0x0000, 0x0000, 0x0000, 0x0000, 0x0000, 0x0000, 0x0000, 0x0000, 0x0000, 0x0000, 0x0000, 0x0000, 0x0000, 0x0000, 
0x0000, 0x0000, 0x0000, 0x0000, 0x0000, 0x0000, 0x0000, 0x0000, 0x0000, 0x0000, 0x0000, 0x0000, 0x0000, 0x0000, 0x0000, 0x0000, 
0x0000, 0x0000, 0x0000, 0x0000, 0x0000, 0x0000, 0x0000, 0x0000, 0x0000, 0x0000, 0x0000, 0x0000, 0x0000, 0x0000, 0x0000, 0x0000, 
0x0000, 0x0000, 0x0000, 0x0000, 0x0000, 0x0000, 0x0000, 0x0000, 0x0000, 0x0000, 0x0000, 0x0000, 0x0000, 0x0000, 0x0000, 0x0000, 
0x0000, 0x0000, 0x0000, 0x0000, 0x0000, 0x0000, 0x0000, 0x0000, 0x0000, 0x0000, 0x0000, 0x0000, 0x0000, 0x0000, 0x0000, 0x0000, 
0x0000, 0x0000, 0x0000, 0x5660, 0x5660, 0x5660, 0x5660, 0x5660, 0x5660, 0x5660, 0x5660, 0x0000, 0x5660, 0x5660, 0x5660, 0x5660, 
0x5660, 0x5660, 0x5660, 0x5660, 0x0000, 0x5660, 0x5660, 0x5660, 0x5660, 0x5660, 0x5660, 0x5660, 0x5660, 0x0000, 0x0000, 0x0000, 
0x0000, 0x0000, 0x0000, 0x5660, 0x5660, 0x5660, 0x5660, 0x5660, 0x5660, 0x5660, 0x5660, 0x0000, 0x5660, 0x5660, 0x5660, 0x5660, 
0x5660, 0x5660, 0x5660, 0x5660, 0x0000, 0x5660, 0x5660, 0x5660, 0x5660, 0x5660, 0x5660, 0x5660, 0x5660, 0x0000, 0x0000, 0x0000, 
0x0000, 0x0000, 0x0000, 0x5660, 0x5660, 0x0000, 0x0000, 0x0000, 0x0000, 0x0000, 0x0000, 0x0000, 0x5660, 0x5660, 0x0000, 0x0000, 
0x0000, 0x0000, 0x5660, 0x5660, 0x0000, 0x5660, 0x5660, 0x0000, 0x0000, 0x0000, 0x0000, 0x0000, 0x0000, 0x0000, 0x0000, 0x0000, 
0x0000, 0x0000, 0x0000, 0x5660, 0x5660, 0x0000, 0x5660, 0x5660, 0x5660, 0x5660, 0x5660, 0x0000, 0x5660, 0x5660, 0x5660, 0x5660, 
0x5660, 0x5660, 0x5660, 0x5660, 0x0000, 0x5660, 0x5660, 0x5660, 0x5660, 0x5660, 0x5660, 0x5660, 0x5660, 0x0000, 0x0000, 0x0000, 
0x0000, 0x0000, 0x0000, 0x5660, 0x5660, 0x0000, 0x5660, 0x5660, 0x5660, 0x5660, 0x5660, 0x0000, 0x5660, 0x5660, 0x5660, 0x5660, 
0x5660, 0x5660, 0x5660, 0x5660, 0x0000, 0x5660, 0x5660, 0x5660, 0x5660, 0x5660, 0x5660, 0x5660, 0x5660, 0x0000, 0x0000, 0x0000, 
0x0000, 0x0000, 0x0000, 0x5660, 0x5660, 0x0000, 0x0000, 0x0000, 0x0000, 0x5660, 0x5660, 0x0000, 0x5660, 0x5660, 0x0000, 0x0000, 
0x0000, 0x0000, 0x0000, 0x0000, 0x0000, 0x0000, 0x0000, 0x0000, 0x0000, 0x0000, 0x0000, 0x5660, 0x5660, 0x0000, 0x0000, 0x0000, 
0x0000, 0x0000, 0x0000, 0x5660, 0x5660, 0x5660, 0x0664, 0x5660, 0x5660, 0x5660, 0x5660, 0x0000, 0x5660, 0x5660, 0x0000, 0x0000, 
0x0000, 0x0000, 0x0000, 0x0000, 0x0000, 0x5660, 0x5660, 0x5660, 0x5660, 0x5660, 0x5660, 0x5660, 0x5660, 0x0000, 0x0000, 0x0000, 
0x0000, 0x0000, 0x0000, 0x5660, 0x5660, 0x5660, 0x5660, 0x5660, 0x5660, 0x5660, 0x5660, 0x0000, 0x5660, 0x5660, 0x0000, 0x0000, 
0x0000, 0x0000, 0x0000, 0x0000, 0x0000, 0x5660, 0x5660, 0x5660, 0x5660, 0x5660, 0x5660, 0x5660, 0x5660, 0x0000, 0x0000, 0x0000, 
0x0000, 0x0000, 0x0000, 0x0000, 0x0000, 0x0000, 0x0000, 0x0000, 0x0000, 0x0000, 0x0000, 0x0000, 0x0000, 0x0000, 0x0000, 0x0000, 
0x0000, 0x0000, 0x0000, 0x0000, 0x0000, 0x0000, 0x0000, 0x0000, 0x0000, 0x0000, 0x0000, 0x0000, 0x0000, 0x0000, 0x0000, 0x0000, 
0x0000, 0x0000, 0x0000, 0x0000, 0x0000, 0x0000, 0x0000, 0x0000, 0x0000, 0x0000, 0x0000, 0x0000, 0x0000, 0x0000, 0x5660, 0x5660, 
0x5660, 0x5660, 0x0000, 0x0000, 0x0000, 0x0000, 0x0000, 0x0000, 0x0000, 0x0000, 0x0000, 0x0000, 0x0000, 0x0000, 0x0000, 0x0000, 
0x0000, 0x0000, 0x0000, 0x0000, 0x0000, 0x0000, 0x0000, 0x0000, 0x0000, 0x0000, 0x0000, 0x0000, 0x0000, 0x0000, 0x5660, 0x5660, 
0x5660, 0x5660, 0x0000, 0x0000, 0x0000, 0x0000, 0x0000, 0x0000, 0x0000, 0x0000, 0x0000, 0x0000, 0x0000, 0x0000, 0x0000, 0x0000, 
0x0000, 0x0000, 0x0000, 0x0000, 0x0000, 0x0000, 0x0000, 0x0000, 0x0000, 0x0000, 0x5660, 0x5660, 0x0000, 0x0000, 0x0000, 0x0000, 
0x0000, 0x0000, 0x0000, 0x0000, 0x5660, 0x5660, 0x0000, 0x0000, 0x0000, 0x0000, 0x0000, 0x0000, 0x0000, 0x0000, 0x0000, 0x0000, 
0x0000, 0x0000, 0x0000, 0x0000, 0x0000, 0x0000, 0x0000, 0x0000, 0x0000, 0x0000, 0x5660, 0x5660, 0x0000, 0x0000, 0x0000, 0x0000, 
0x0000, 0x0000, 0x0000, 0x0000, 0x5660, 0x5660, 0x0000, 0x0000, 0x0000, 0x0000, 0x0000, 0x0000, 0x0000, 0x0000, 0x0000, 0x0000, 
0x0000, 0x0000, 0x0000, 0x0000, 0x0000, 0x0000, 0x0000, 0x0000, 0x0000, 0x0000, 0x0000, 0x0000, 0x5660, 0x5660, 0x5660, 0x5660, 
0x5660, 0x5660, 0x5660, 0x5660, 0x0000, 0x0000, 0x0000, 0x0000, 0x0000, 0x0000, 0x0000, 0x0000, 0x0000, 0x0000, 0x0000, 0x0000, 
0x0000, 0x0000, 0x0000, 0x0000, 0x0000, 0x0000, 0x0000, 0x0000, 0x0000, 0x0000, 0x0000, 0x0000, 0x5660, 0x5660, 0x5660, 0x5660, 
0x5660, 0x5660, 0x5660, 0x5660, 0x0000, 0x0000, 0x0000, 0x0000, 0x0000, 0x0000, 0x0000, 0x0000, 0x0000, 0x0000, 0x0000, 0x0000, 
0x0000, 0x0000, 0x0000, 0x0000, 0x0000, 0x0000, 0x0000, 0x0000, 0x0000, 0x0000, 0x0000, 0x0000, 0x0000, 0x0000, 0x0000, 0x0000, 
0x0000, 0x0000, 0x0000, 0x0000, 0x0000, 0x0000, 0x0000, 0x0000, 0x0000, 0x0000, 0x0000, 0x0000, 0x0000, 0x0000, 0x0000, 0x0000, 
0x0000, 0x0000, 0x0000, 0x0000, 0x0000, 0x0000, 0x0000, 0x0000, 0x0000, 0x0000, 0x0000, 0x0000, 0x0000, 0x0000, 0x0000, 0x0000, 
0x0000, 0x0000, 0x0000, 0x0000, 0x0000, 0x0000, 0x0000, 0x0000, 0x0000, 0x0000, 0x0000, 0x0000, 0x0000, 0x0000, 0x0000, 0x0000, 
0x0000, 0x0000, 0x0000, 0x0000, 0x0000, 0x0000, 0x0000, 0x0000, 0x0000, 0x0000, 0x0000, 0x0000, 0x0000, 0x0000, 0x0000, 0x0000, 
0x0000, 0x0000, 0x0000, 0x0000, 0x0000, 0x0000, 0x0000, 0x0000, 0x0000, 0x0000, 0x0000, 0x0000, 0x0000, 0x0000, 0x0000, 0x0000, 
0x0000, 0x0000, 0x0000, 0x0000, 0x0000, 0x0000, 0x0000, 0x0000, 0x0000, 0x0000, 0x0000, 0x0000, 0x0000, 0x0000, 0x0000, 0x0000, 
0x0000, 0x0000, 0x0000, 0x0000, 0x0000, 0x0000, 0x0000, 0x0000, 0x0000, 0x0000, 0x0000, 0x0000, 0x0000, 0x0000, 0x0000, 0x0000, 
0x0000, 0x0000, 0x0000, 0x0000, 0x0000, 0x0000, 0x0000, 0x0000, 0x0000, 0x0000, 0x0000, 0x0000, 0x0000, 0x0000, 0x0000, 0x0000, 
0x0000, 0x0000, 0x0000, 0x0000, 0x0000, 0x0000, 0x0000, 0x0000, 0x0000, 0x0000, 0x0000, 0x0000, 0x0000, 0x0000, 0x0000, 0x0000, 
};

const unsigned short bm_rf[] PROGMEM={
0x0000, 0x0000, 0x0000, 0x0000, 0x0000, 0x0000, 0x0000, 0x0000, 0x0000, 0x0000, 0x0000, 0x0000, 0x0000, 0x0000, 0x0000, 0x0000,   // 0x0010 (16) pixels
0x0000, 0x0000, 0x0000, 0x0000, 0x0000, 0x0000, 0x0000, 0x0000, 0x0000, 0x0000, 0x0000, 0x0000, 0x0000, 0x0000, 0x0000, 0x0000,   // 0x0020 (32) pixels
0x0000, 0x0000, 0x0000, 0x0000, 0x0000, 0x0000, 0x0000, 0x0000, 0x0000, 0x0000, 0x0000, 0x0000, 0x0000, 0x0000, 0x0000, 0x0000,   // 0x0030 (48) pixels
0x0000, 0x0000, 0x0000, 0x0000, 0x0000, 0x0000, 0x0000, 0x0000, 0x0000, 0x0000, 0x0000, 0x0000, 0x0000, 0x0000, 0x0000, 0x0000,   // 0x0040 (64) pixels
0x0000, 0x0000, 0x0000, 0x0000, 0x0000, 0x0000, 0x0000, 0x0000, 0x0000, 0x0000, 0x0000, 0x0000, 0x0000, 0x0000, 0x0000, 0x0000,   // 0x0050 (80) pixels
0x0000, 0x0000, 0x0000, 0x0000, 0x0000, 0x0000, 0x0000, 0x0000, 0x0000, 0x0000, 0x0000, 0x0000, 0x0000, 0x0000, 0x0000, 0x0000,   // 0x0060 (96) pixels
0x0000, 0x0000, 0x0000, 0x0000, 0x0000, 0x0000, 0x0000, 0x0000, 0x0000, 0x0000, 0x0000, 0x0000, 0x0000, 0x0000, 0x0000, 0x0000,   // 0x0070 (112) pixels
0x0000, 0x0000, 0x0000, 0x0000, 0x0000, 0x0000, 0x0000, 0x0000, 0x0000, 0x0000, 0x0000, 0x0000, 0x0000, 0x0000, 0x0000, 0x0000,   // 0x0080 (128) pixels
0x0000, 0x0000, 0x0000, 0x0000, 0x0000, 0x0000, 0x0000, 0x0000, 0x0000, 0x0000, 0x0000, 0x0000, 0x0000, 0x0000, 0x0000, 0x0000,   // 0x0090 (144) pixels
0x0000, 0x0000, 0x0000, 0x0000, 0x0000, 0x0000, 0x0000, 0x0000, 0x0000, 0x0000, 0x0000, 0x0000, 0x0000, 0x0000, 0x0000, 0x0000,   // 0x00A0 (160) pixels
0x0000, 0x0000, 0x0000, 0x0000, 0x0000, 0x0000, 0x0000, 0x0000, 0x0000, 0x0000, 0x0000, 0x0000, 0x0000, 0x0000, 0x0000, 0x0000,   // 0x00B0 (176) pixels
0x0000, 0x0000, 0x0000, 0x0000, 0x0000, 0x0000, 0x0000, 0x0000, 0x0000, 0x0000, 0x0000, 0x0000, 0x0000, 0x0000, 0x0000, 0x0000,   // 0x00C0 (192) pixels
0x0000, 0x0000, 0x0000, 0x0000, 0x0000, 0x0000, 0x0000, 0x0000, 0x0000, 0x0000, 0x0000, 0x0000, 0x0000, 0x0000, 0x0000, 0x0000,   // 0x00D0 (208) pixels
0x0000, 0x0000, 0x0000, 0x0000, 0x0000, 0x0000, 0x0000, 0x0000, 0x0000, 0x0000, 0x0000, 0x0000, 0x0000, 0x0000, 0x0000, 0x0000,   // 0x00E0 (224) pixels
0x0000, 0x0000, 0x0000, 0x0000, 0x0000, 0x0000, 0x0000, 0x0000, 0x0000, 0x0000, 0x0000, 0x0000, 0x0000, 0x0000, 0x0000, 0x0000,   // 0x00F0 (240) pixels
0x0000, 0x0000, 0x0000, 0x0000, 0x0000, 0x0000, 0x0000, 0x0000, 0x0000, 0x0000, 0x0000, 0x0000, 0x0000, 0x0000, 0x0000, 0x0000,   // 0x0100 (256) pixels
0x0000, 0x0000, 0x0000, 0x0000, 0x0000, 0x0000, 0x0000, 0x0000, 0x0000, 0x0000, 0x0000, 0x0000, 0x0000, 0x0000, 0x0000, 0x0000,   // 0x0110 (272) pixels
0x0000, 0x0000, 0x0000, 0x0000, 0x0000, 0x0000, 0x0000, 0x0000, 0x0000, 0x0000, 0x0000, 0x0000, 0x0000, 0x0000, 0x0000, 0x0000,   // 0x0120 (288) pixels
0x0000, 0x0000, 0x0000, 0x0000, 0x0000, 0x0000, 0x0000, 0x0000, 0x0000, 0x0000, 0x0000, 0x0000, 0x0000, 0x0000, 0x0000, 0x0000,   // 0x0130 (304) pixels
0x0000, 0x0000, 0x0000, 0x0000, 0x0000, 0x0000, 0x0000, 0x0000, 0x0000, 0x0000, 0x0000, 0x0000, 0x0000, 0x0000, 0x0000, 0x0000,   // 0x0140 (320) pixels
0x0000, 0x0000, 0x0000, 0x0000, 0x0000, 0x0000, 0x0000, 0x0000, 0x0000, 0x0000, 0x0000, 0x0000, 0x0000, 0x0000, 0x0000, 0x0000,   // 0x0150 (336) pixels
0x0000, 0x0000, 0x0000, 0x0000, 0x0000, 0x0000, 0x0000, 0x0000, 0x0000, 0x0000, 0x0000, 0x0000, 0x0000, 0x0000, 0x0000, 0x0000,   // 0x0160 (352) pixels
0x0000, 0x0000, 0x0000, 0x0000, 0x0000, 0x0000, 0x0000, 0x0000, 0x0000, 0x0000, 0x0000, 0x0000, 0x0000, 0x0000, 0x0000, 0x0000,   // 0x0170 (368) pixels
0x0000, 0x0000, 0x0000, 0x0000, 0x0000, 0x0000, 0x0000, 0x0000, 0x0000, 0x0000, 0x0000, 0x0000, 0x0000, 0x0000, 0x0000, 0x0000,   // 0x0180 (384) pixels
0x0000, 0x0000, 0x0000, 0x0000, 0x0000, 0x0000, 0x0000, 0x0000, 0x0000, 0x0000, 0x0000, 0x0000, 0x0000, 0x0000, 0x0000, 0x0000,   // 0x0190 (400) pixels
0x0000, 0x0000, 0x0000, 0x0000, 0x0000, 0x0000, 0x0000, 0x0000, 0x0000, 0x0000, 0x0000, 0x0000, 0x0000, 0x0000, 0x0000, 0x0000,   // 0x01A0 (416) pixels
0x0000, 0x0000, 0x0000, 0x0000, 0x0000, 0x0000, 0x0000, 0x0000, 0x0000, 0x0000, 0x0000, 0x0000, 0x0000, 0x0000, 0x0000, 0x0000,   // 0x01B0 (432) pixels
0x0000, 0x0000, 0x0000, 0x0000, 0x0000, 0x0000, 0x0000, 0x0000, 0x0000, 0x0000, 0x0000, 0x0000, 0x0000, 0x0000, 0x0000, 0x0000,   // 0x01C0 (448) pixels
0x0000, 0x0000, 0xFFFF, 0xFFFF, 0x0000, 0x0000, 0x0000, 0x0000, 0x0000, 0xFFFF, 0xFFFF, 0xFFFF, 0xFFFF, 0xFFFF, 0xFFFF, 0x0000,   // 0x01D0 (464) pixels
0xFFFF, 0xFFFF, 0xFFFF, 0xFFFF, 0xFFFF, 0xFFFF, 0x0000, 0xFFFF, 0xFFFF, 0xFFFF, 0xFFFF, 0xFFFF, 0xFFFF, 0x0000, 0x0000, 0x0000,   // 0x01E0 (480) pixels
0x0000, 0x0000, 0xFFFF, 0xFFFF, 0x0000, 0x0000, 0x0000, 0x0000, 0x0000, 0xFFFF, 0xFFFF, 0x0000, 0x0000, 0xFFFF, 0xFFFF, 0x0000,   // 0x01F0 (496) pixels
0xFFFF, 0xFFFF, 0x0000, 0x0000, 0xFFFF, 0xFFFF, 0x0000, 0xFFFF, 0xFFFF, 0x0000, 0x0000, 0xFFFF, 0xFFFF, 0x0000, 0x0000, 0x0000,   // 0x0200 (512) pixels
0x0000, 0x0000, 0xFFFF, 0xFFFF, 0x0000, 0x0000, 0x0000, 0x0000, 0x0000, 0xFFFF, 0xFFFF, 0x0000, 0x0000, 0xFFFF, 0xFFFF, 0x0000,   // 0x0210 (528) pixels
0xFFFF, 0xFFFF, 0x0000, 0x0000, 0xFFFF, 0xFFFF, 0x0000, 0xFFFF, 0xFFFF, 0x0000, 0x0000, 0xFFFF, 0xFFFF, 0x0000, 0x0000, 0x0000,   // 0x0220 (544) pixels
0x0000, 0x0000, 0xFFFF, 0xFFFF, 0x0000, 0x0000, 0x0000, 0x0000, 0x0000, 0xFFFF, 0xFFFF, 0x0000, 0x0000, 0xFFFF, 0xFFFF, 0x0000,   // 0x0230 (560) pixels
0xFFFF, 0xFFFF, 0xFFFF, 0xFFFF, 0xFFFF, 0xFFFF, 0x0000, 0xFFFF, 0xFFFF, 0xFFFF, 0xFFFF, 0xFFFF, 0xFFFF, 0x0000, 0x0000, 0x0000,   // 0x0240 (576) pixels
0x0000, 0x0000, 0xFFFF, 0xFFFF, 0x0000, 0x0000, 0x0000, 0x0000, 0x0000, 0xFFFF, 0xFFFF, 0x0000, 0x0000, 0xFFFF, 0xFFFF, 0x0000,   // 0x0250 (592) pixels
0xFFFF, 0xFFFF, 0x0000, 0xFFFF, 0xFFFF, 0x0000, 0x0000, 0xFFFF, 0xFFFF, 0x0000, 0x0000, 0xFFFF, 0xFFFF, 0x0000, 0x0000, 0x0000,   // 0x0260 (608) pixels
0x0000, 0x0000, 0xFFFF, 0xFFFF, 0xFFFF, 0xFFFF, 0xFFFF, 0xFFFF, 0x0000, 0xFFFF, 0xFFFF, 0xFFFF, 0xFFFF, 0xFFFF, 0xFFFF, 0x0000,   // 0x0270 (624) pixels
0xFFFF, 0xFFFF, 0x0000, 0xFFFF, 0xFFFF, 0x0000, 0x0000, 0xFFFF, 0xFFFF, 0x0000, 0x0000, 0xFFFF, 0xFFFF, 0x0000, 0x0000, 0x0000,   // 0x0280 (640) pixels
0x0000, 0x0000, 0x0000, 0x0000, 0x0000, 0x0000, 0x0000, 0x0000, 0x0000, 0x0000, 0x0000, 0x0000, 0x0000, 0x0000, 0x0000, 0x0000,   // 0x0290 (656) pixels
0x0000, 0x0000, 0x0000, 0x0000, 0x0000, 0x0000, 0x0000, 0x0000, 0x0000, 0x0000, 0x0000, 0x0000, 0x0000, 0x0000, 0x0000, 0x0000,   // 0x02A0 (672) pixels
0x0000, 0x0000, 0x0000, 0x0000, 0x0000, 0x0000, 0x0000, 0x0000, 0x0000, 0x0000, 0x0000, 0x0000, 0x0000, 0x0000, 0x0000, 0x0000,   // 0x02B0 (688) pixels
0x0000, 0x0000, 0x0000, 0x0000, 0x0000, 0x0000, 0x0000, 0x0000, 0x0000, 0x0000, 0x0000, 0x0000, 0x0000, 0x0000, 0x0000, 0x0000,   // 0x02C0 (704) pixels
0x0000, 0x0000, 0x0000, 0x0000, 0x0000, 0x0000, 0x0000, 0x0000, 0x0000, 0x0000, 0x0000, 0x0000, 0x0000, 0x0000, 0x0000, 0x0000,   // 0x02D0 (720) pixels
0x0000, 0x0000, 0x0000, 0x0000, 0x0000, 0x0000, 0x0000, 0x0000, 0x0000, 0x0000, 0x0000, 0x0000, 0x0000, 0x0000, 0x0000, 0x0000,   // 0x02E0 (736) pixels
0x0000, 0x0000, 0x0000, 0x0000, 0x0000, 0x0000, 0x0000, 0x0000, 0x0000, 0x0000, 0x0000, 0x0000, 0x0000, 0x0000, 0x0000, 0x0000,   // 0x02F0 (752) pixels
0x0000, 0x0000, 0x0000, 0x0000, 0x0000, 0x0000, 0x0000, 0x0000, 0x0000, 0x0000, 0x0000, 0x0000, 0x0000, 0x0000, 0x0000, 0x0000,   // 0x0300 (768) pixels
0x0000, 0x0000, 0x0000, 0x0000, 0x0000, 0x0000, 0x0000, 0x0000, 0x0000, 0x0000, 0x0000, 0x0000, 0x0000, 0x0000, 0x0000, 0x0000,   // 0x0310 (784) pixels
0x0000, 0x0000, 0x0000, 0x0000, 0x0000, 0x0000, 0x0000, 0x0000, 0x0000, 0x0000, 0x0000, 0x0000, 0x0000, 0x0000, 0x0000, 0x0000,   // 0x0320 (800) pixels
0x0000, 0x0000, 0x0000, 0x0000, 0x0000, 0x0000, 0x0000, 0x0000, 0x0000, 0x0000, 0x0000, 0x0000, 0x0000, 0x0000, 0x0000, 0x0000,   // 0x0330 (816) pixels
0x0000, 0x0000, 0x0000, 0x0000, 0x0000, 0x0000, 0x0000, 0x0000, 0x0000, 0x0000, 0x0000, 0x0000, 0x0000, 0x0000, 0x0000, 0x0000,   // 0x0340 (832) pixels
0x0000, 0x0000, 0x0000, 0x0000, 0x0000, 0x0000, 0x0000, 0x0000, 0x0000, 0x0000, 0x0000, 0x0000, 0x0000, 0x0000, 0x0000, 0x0000,   // 0x0350 (848) pixels
0x0000, 0x0000, 0x0000, 0x0000, 0x0000, 0x0000, 0x0000, 0x0000, 0x0000, 0x0000, 0x0000, 0x0000, 0x0000, 0x0000, 0x0000, 0x0000,   // 0x0360 (864) pixels
0x0000, 0x0000, 0x0000, 0x0000, 0x0000, 0x0000, 0x0000, 0x0000, 0x0000, 0x0000, 0x0000, 0x0000, 0x0000, 0x0000, 0x0000, 0x0000,   // 0x0370 (880) pixels
0x0000, 0x0000, 0x0000, 0x0000, 0x0000, 0x0000, 0x0000, 0x0000, 0x0000, 0x0000, 0x0000, 0x0000, 0x0000, 0x0000, 0x0000, 0x0000,   // 0x0380 (896) pixels
0x0000, 0x0000, 0x0000, 0x0000, 0x0000, 0x0000, 0x0000, 0x0000, 0x0000, 0x0000, 0x0000, 0x0000, 0x0000, 0x0000, 0x0000, 0x0000,   // 0x0390 (912) pixels
0x0000, 0x0000, 0x0000, 0x0000, 0x0000, 0x0000, 0x0000, 0x0000, 0x0000, 0x0000, 0x0000, 0x0000, 0x0000, 0x0000, 0x0000, 0x0000,   // 0x03A0 (928) pixels
0x0000, 0x0000, 0x0000, 0x0000, 0x0000, 0x0000, 0x0000, 0x0000, 0x0000, 0x0000, 0x0000, 0x0000, 0x0000, 0x0000, 0x0000, 0x0000,   // 0x03B0 (944) pixels
0x0000, 0x0000, 0x0000, 0x0000, 0x0000, 0x0000, 0x0000, 0x0000, 0x0000, 0x0000, 0x0000, 0x0000, 0x0000, 0x0000, 0x0000, 0x0000,   // 0x03C0 (960) pixels
0x0000, 0x0000, 0x0000, 0x0000, 0x0000, 0x0000, 0x0000, 0x0000, 0x0000, 0x0000, 0x0000, 0x0000, 0x0000, 0x0000, 0x0000, 0x0000,   // 0x03D0 (976) pixels
0x0000, 0x0000, 0x0000, 0x0000, 0x0000, 0x0000, 0x0000, 0x0000, 0x0000, 0x0000, 0x0000, 0x0000, 0x0000, 0x0000, 0x0000, 0x0000,   // 0x03E0 (992) pixels
0x0000, 0x0000, 0x0000, 0x0000, 0x0000, 0x0000, 0x0000, 0x0000, 0x0000, 0x0000, 0x0000, 0x0000, 0x0000, 0x0000, 0x0000, 0x0000,   // 0x03F0 (1008) pixels
0x0000, 0x0000, 0x0000, 0x0000, 0x0000, 0x0000, 0x0000, 0x0000, 0x0000, 0x0000, 0x0000, 0x0000, 0x0000, 0x0000, 0x0000, 0x0000,   // 0x0400 (1024) pixels
0x0000, 0x0000, 0x0000, 0x0000, 0x0000, 0x0000, 0x0000, 0x0000, 0x0000, 0x0000, 0x0000, 0x0000, 0x0000, 0x0000, 0x0000, 0x0000,   // 0x0410 (1040) pixels
0x0000, 0x0000, 0x0000, 0x0000, 0x0000, 0x0000, 0x0000, 0x0000, 0x0000, 0x0000, 0x0000, 0x0000, 0x0000, 0x0000, 0x0000, 0x0000,   // 0x0420 (1056) pixels
0x0000, 0x0000, 0x0000, 0x0000, 0x0000, 0x0000, 0x0000, 0x0000, 0x0000, 0x0000, 0x0000, 0x0000, 0x0000, 0x0000, 0x0000, 0x0000,   // 0x0430 (1072) pixels
0x0000, 0x0000, 0x0000, 0x0000, 0x0000, 0x0000, 0x0000, 0x0000, 0x0000, 0x0000, 0x0000, 0x0000, 0x0000, 0x0000, 0x0000, 0x0000,   // 0x0440 (1088) pixels
0x0000, 0x0000, 0x0000, 0x0000, 0x0000, 0x0000, 0x0000, 0x0000, 0x0000, 0x0000, 0x0000, 0x0000, 0x0000, 0x0000, 0x0000, 0x0000,   // 0x0450 (1104) pixels
0x0000, 0x0000, 0x0000, 0x0000, 0x0000, 0x0000, 0x0000, 0x0000, 0x0000, 0x0000, 0x0000, 0x0000, 0x0000, 0x0000, 0x0000, 0x0000,   // 0x0460 (1120) pixels
0x0000, 0x0000, 0x0000, 0x0000, 0x0000, 0x0000, 0x0000, 0x0000, 0x0000, 0x0000, 0x0000, 0x0000, 0x0000, 0x0000, 0x0000, 0x0000,   // 0x0470 (1136) pixels
0x0000, 0x0000, 0x0000, 0x0000, 0x0000, 0x0000, 0x0000, 0x0000, 0x0000, 0x0000, 0x0000, 0x0000, 0x0000, 0x0000, 0x0000, 0x0000,   // 0x0480 (1152) pixels
0x0000, 0x0000, 0x0000, 0x0000, 0x0000, 0x0000, 0x0000, 0x0000, 0x0000, 0x0000, 0x0000, 0x0000, 0x0000, 0x0000, 0x0000, 0x0000,   // 0x0490 (1168) pixels
0x0000, 0x0000, 0x0000, 0x0000, 0x0000, 0x0000, 0x0000, 0x0000, 0x0000, 0x0000, 0x0000, 0x0000, 0x0000, 0x0000, 0x0000, 0x0000,   // 0x04A0 (1184) pixels
0x0000, 0x0000, 0x0000, 0x0000, 0x0000, 0x0000, 0x0000, 0x0000, 0x0000, 0x0000, 0x0000, 0x0000, 0x0000, 0x0000, 0x0000, 0x0000,   // 0x04B0 (1200) pixels
0x0000, 0x0000, 0x0000, 0x0000, 0x0000, 0x0000, 0x0000, 0x0000, 0x0000, 0x0000, 0x0000, 0x0000, 0x0000, 0x0000, 0x0000, 0x0000,   // 0x04C0 (1216) pixels
0x0000, 0x0000, 0x0000, 0x0000, 0x0000, 0x0000, 0x0000, 0x0000, 0x0000, 0x0000, 0x0000, 0x0000, 0x0000, 0x0000, 0x0000, 0x0000,   // 0x04D0 (1232) pixels
0x0000, 0x0000, 0x0000, 0x0000, 0x0000, 0x0000, 0x0000, 0x0000, 0x0000, 0x0000, 0x0000, 0x0000, 0x0000, 0x0000, 0x0000, 0x0000,   // 0x04E0 (1248) pixels
0x0000, 0x0000, 0x0000, 0x0000, 0x0000, 0x0000, 0x0000, 0x0000, 0x0000, 0x0000, 0x0000, 0x0000, 0x0000, 0x0000, 0x0000, 0x0000,   // 0x04F0 (1264) pixels
0x0000, 0x0000, 0x0000, 0x0000, 0x0000, 0x0000, 0x0000, 0x0000, 0x0000, 0x0000, 0x0000, 0x0000, 0x0000, 0x0000, 0x0000, 0x0000,   // 0x0500 (1280) pixels
0x0000, 0x0000, 0x0000, 0x0000, 0x0000, 0x0000, 0x0000, 0x0000, 0x0000, 0x0000, 0x0000, 0x0000, 0x0000, 0x0000, 0x0000, 0x0000,   // 0x0510 (1296) pixels
0x0000, 0x0000, 0x0000, 0x0000, 0x0000, 0x0000, 0x0000, 0x0000, 0x0000, 0x0000, 0x0000, 0x0000, 0x0000, 0x0000, 0x0000, 0x0000,   // 0x0520 (1312) pixels
0x0000, 0x0000, 0x0000, 0x0000, 0x0000, 0x0000, 0x0000, 0x0000, 0x0000, 0x0000, 0x0000, 0x0000, 0x0000, 0x0000, 0x0000, 0x0000,   // 0x0530 (1328) pixels
0x0000, 0x0000, 0x0000, 0x0000, 0x0000, 0x0000, 0x0000, 0x0000, 0x0000, 0x0000, 0x0000, 0x0000, 0x0000, 0x0000, 0x0000, 0x0000,   // 0x0540 (1344) pixels
0x0000, 0x0000, 0x0000, 0x0000, 0x0000, 0x0000, 0x0000, 0x0000, 0x0000, 0x0000, 0x0000, 0x0000, 0x0000, 0x0000, 0x0000, 0x0000,   // 0x0550 (1360) pixels
0x0000, 0x0000, 0x0000, 0x0000, 0x0000, 0x0000, 0x0000, 0x0000, 0x0000, 0x0000, 0x0000, 0x0000, 0x0000, 0x0000, 0x0000, 0x0000,   // 0x0560 (1376) pixels
0x0000, 0x0000, 0x0000, 0x0000, 0x0000, 0x0000, 0x0000, 0x0000, 0x0000, 0x0000, 0x0000, 0x0000, 0x0000, 0x0000, 0x0000, 0x0000,   // 0x0570 (1392) pixels
0x0000, 0x0000, 0x0000, 0x0000, 0x0000, 0x0000, 0x0000, 0x0000, 0x0000, 0x0000, 0x0000, 0x0000, 0x0000, 0x0000, 0x0000, 0x0000,   // 0x0580 (1408) pixels
0x0000, 0x0000, 0x0000, 0x0000, 0x0000, 0x0000, 0x0000, 0x0000, 0x0000, 0x0000, 0x0000, 0x0000, 0x0000, 0x0000, 0x0000, 0x0000,   // 0x0590 (1424) pixels
0x0000, 0x0000, 0x0000, 0x0000, 0x0000, 0x0000, 0x0000, 0x0000, 0x0000, 0x0000, 0x0000, 0x0000, 0x0000, 0x0000, 0x0000, 0x0000,   // 0x05A0 (1440) pixels
0x0000, 0x0000, 0x0000, 0x0000, 0x0000, 0x0000, 0x0000, 0x0000, 0x0000, 0x0000, 0x0000, 0x0000, 0x0000, 0x0000, 0x0000, 0x0000,   // 0x05B0 (1456) pixels
0x0000, 0x0000, 0x0000, 0x0000, 0x0000, 0x0000, 0x0000, 0x0000, 0x0000, 0x0000, 0x0000, 0x0000, 0x0000, 0x0000, 0x0000, 0x0000,   // 0x05C0 (1472) pixels
0x0000, 0x0000, 0x0000, 0x0000, 0x0000, 0x0000, 0x0000, 0x0000, 0x0000, 0x0000, 0x0000, 0x0000, 0x0000, 0x0000, 0x0000, 0x0000,   // 0x05D0 (1488) pixels
0x0000, 0x0000, 0x0000, 0x0000, 0x0000, 0x0000, 0x0000, 0x0000, 0x0000, 0x0000, 0x0000, 0x0000, 0x0000, 0x0000, 0x0000, 0x0000,   // 0x05E0 (1504) pixels
0x0000, 0x0000, 0x0000, 0x0000, 0x0000, 0x0000, 0x0000, 0x0000, 0x0000, 0x0000, 0x0000, 0x0000, 0x0000, 0x0000, 0x0000, 0x0000,   // 0x05F0 (1520) pixels
0x0000, 0x0000, 0x0000, 0x0000, 0x0000, 0x0000, 0x0000, 0x0000, 0x0000, 0x0000, 0x0000, 0x0000, 0x0000, 0x0000, 0x0000, 0x0000,   // 0x0600 (1536) pixels
0x0000, 0x0000, 0xF800, 0xF800, 0x0000, 0x0000, 0x0000, 0x0000, 0x0000, 0xF800, 0xF800, 0xF800, 0xF800, 0xF800, 0xF800, 0x0000,   // 0x0610 (1552) pixels
0xF800, 0xF800, 0xF800, 0xF800, 0xF800, 0xF800, 0x0000, 0xF800, 0xF800, 0xF800, 0xF800, 0xF800, 0xF800, 0x0000, 0x0000, 0x0000,   // 0x0620 (1568) pixels
0x0000, 0x0000, 0xF800, 0xF800, 0x0000, 0x0000, 0x0000, 0x0000, 0x0000, 0xF800, 0xF800, 0x0000, 0x0000, 0xF800, 0xF800, 0x0000,   // 0x0630 (1584) pixels
0xF800, 0xF800, 0x0000, 0x0000, 0xF800, 0xF800, 0x0000, 0xF800, 0xF800, 0x0000, 0x0000, 0xF800, 0xF800, 0x0000, 0x0000, 0x0000,   // 0x0640 (1600) pixels
0x0000, 0x0000, 0xF800, 0xF800, 0x0000, 0x0000, 0x0000, 0x0000, 0x0000, 0xF800, 0xF800, 0x0000, 0x0000, 0xF800, 0xF800, 0x0000,   // 0x0650 (1616) pixels
0xF800, 0xF800, 0x0000, 0x0000, 0xF800, 0xF800, 0x0000, 0xF800, 0xF800, 0x0000, 0x0000, 0xF800, 0xF800, 0x0000, 0x0000, 0x0000,   // 0x0660 (1632) pixels
0x0000, 0x0000, 0xF800, 0xF800, 0x0000, 0x0000, 0x0000, 0x0000, 0x0000, 0xF800, 0xF800, 0x0000, 0x0000, 0xF800, 0xF800, 0x0000,   // 0x0670 (1648) pixels
0xF800, 0xF800, 0xF800, 0xF800, 0xF800, 0xF800, 0x0000, 0xF800, 0xF800, 0xF800, 0xF800, 0xF800, 0xF800, 0x0000, 0x0000, 0x0000,   // 0x0680 (1664) pixels
0x0000, 0x0000, 0xF800, 0xF800, 0x0000, 0x0000, 0x0000, 0x0000, 0x0000, 0xF800, 0xF800, 0x0000, 0x0000, 0xF800, 0xF800, 0x0000,   // 0x0690 (1680) pixels
0xF800, 0xF800, 0x0000, 0xF800, 0xF800, 0x0000, 0x0000, 0xF800, 0xF800, 0x0000, 0x0000, 0xF800, 0xF800, 0x0000, 0x0000, 0x0000,   // 0x06A0 (1696) pixels
0x0000, 0x0000, 0xF800, 0xF800, 0xF800, 0xF800, 0xF800, 0xF800, 0x0000, 0xF800, 0xF800, 0xF800, 0xF800, 0xF800, 0xF800, 0x0000,   // 0x06B0 (1712) pixels
0xF800, 0xF800, 0x0000, 0xF800, 0xF800, 0x0000, 0x0000, 0xF800, 0xF800, 0x0000, 0x0000, 0xF800, 0xF800, 0x0000, 0x0000, 0x0000,   // 0x06C0 (1728) pixels
0x0000, 0x0000, 0x0000, 0x0000, 0x0000, 0x0000, 0x0000, 0x0000, 0x0000, 0x0000, 0x0000, 0x0000, 0x0000, 0x0000, 0x0000, 0x0000,   // 0x06D0 (1744) pixels
0x0000, 0x0000, 0x0000, 0x0000, 0x0000, 0x0000, 0x0000, 0x0000, 0x0000, 0x0000, 0x0000, 0x0000, 0x0000, 0x0000, 0x0000, 0x0000,   // 0x06E0 (1760) pixels
0x0000, 0x0000, 0x0000, 0x0000, 0x0000, 0x0000, 0x0000, 0x0000, 0x0000, 0x0000, 0x0000, 0x0000, 0x0000, 0x0000, 0x0000, 0x0000,   // 0x06F0 (1776) pixels
0x0000, 0x0000, 0x0000, 0x0000, 0x0000, 0x0000, 0x0000, 0x0000, 0x0000, 0x0000, 0x0000, 0x0000, 0x0000, 0x0000, 0x0000, 0x0000,   // 0x0700 (1792) pixels
0x0000, 0x0000, 0x0000, 0x0000, 0x0000, 0x0000, 0x0000, 0x0000, 0x0000, 0x0000, 0x0000, 0x0000, 0x0000, 0x0000, 0x0000, 0x0000,   // 0x0710 (1808) pixels
0x0000, 0x0000, 0x0000, 0x0000, 0x0000, 0x0000, 0x0000, 0x0000, 0x0000, 0x0000, 0x0000, 0x0000, 0x0000, 0x0000, 0x0000, 0x0000,   // 0x0720 (1824) pixels
0x0000, 0x0000, 0x0000, 0x0000, 0x0000, 0x0000, 0x0000, 0x0000, 0x0000, 0x0000, 0x0000, 0x0000, 0x0000, 0x0000, 0x0000, 0x0000,   // 0x0730 (1840) pixels
0x0000, 0x0000, 0x0000, 0x0000, 0x0000, 0x0000, 0x0000, 0x0000, 0x0000, 0x0000, 0x0000, 0x0000, 0x0000, 0x0000, 0x0000, 0x0000,   // 0x0740 (1856) pixels
0x0000, 0x0000, 0x0000, 0x0000, 0x0000, 0x0000, 0x0000, 0x0000, 0x0000, 0x0000, 0x0000, 0x0000, 0x0000, 0x0000, 0x0000, 0x0000,   // 0x0750 (1872) pixels
0x0000, 0x0000, 0x0000, 0x0000, 0x0000, 0x0000, 0x0000, 0x0000, 0x0000, 0x0000, 0x0000, 0x0000, 0x0000, 0x0000, 0x0000, 0x0000,   // 0x0760 (1888) pixels
0x0000, 0x0000, 0x0000, 0x0000, 0x0000, 0x0000, 0x0000, 0x0000, 0x0000, 0x0000, 0x0000, 0x0000, 0x0000, 0x0000, 0x0000, 0x0000,   // 0x0770 (1904) pixels
0x0000, 0x0000, 0x0000, 0x0000, 0x0000, 0x0000, 0x0000, 0x0000, 0x0000, 0x0000, 0x0000, 0x0000, 0x0000, 0x0000, 0x0000, 0x0000,   // 0x0780 (1920) pixels
0x0000, 0x0000, 0x0000, 0x0000, 0x0000, 0x0000, 0x0000, 0x0000, 0x0000, 0x0000, 0x0000, 0x0000, 0x0000, 0x0000, 0x0000, 0x0000,   // 0x0790 (1936) pixels
0x0000, 0x0000, 0x0000, 0x0000, 0x0000, 0x0000, 0x0000, 0x0000, 0x0000, 0x0000, 0x0000, 0x0000, 0x0000, 0x0000, 0x0000, 0x0000,   // 0x07A0 (1952) pixels
0x0000, 0x0000, 0x0000, 0x0000, 0x0000, 0x0000, 0x0000, 0x0000, 0x0000, 0x0000, 0x0000, 0x0000, 0x0000, 0x0000, 0x0000, 0x0000,   // 0x07B0 (1968) pixels
0x0000, 0x0000, 0x0000, 0x0000, 0x0000, 0x0000, 0x0000, 0x0000, 0x0000, 0x0000, 0x0000, 0x0000, 0x0000, 0x0000, 0x0000, 0x0000,   // 0x07C0 (1984) pixels
0x0000, 0x0000, 0x0000, 0x0000, 0x0000, 0x0000, 0x0000, 0x0000, 0x0000, 0x0000, 0x0000, 0x0000, 0x0000, 0x0000, 0x0000, 0x0000,   // 0x07D0 (2000) pixels
0x0000, 0x0000, 0x0000, 0x0000, 0x0000, 0x0000, 0x0000, 0x0000, 0x0000, 0x0000, 0x0000, 0x0000, 0x0000, 0x0000, 0x0000, 0x0000,   // 0x07E0 (2016) pixels
0x0000, 0x0000, 0x0000, 0x0000, 0x0000, 0x0000, 0x0000, 0x0000, 0x0000, 0x0000, 0x0000, 0x0000, 0x0000, 0x0000, 0x0000, 0x0000,   // 0x07F0 (2032) pixels
0x0000, 0x0000, 0x0000, 0x0000, 0x0000, 0x0000, 0x0000, 0x0000, 0x0000, 0x0000, 0x0000, 0x0000, 0x0000, 0x0000, 0x0000, 0x0000,   // 0x0800 (2048) pixels
0x0000, 0x0000, 0x0000, 0x0000, 0x0000, 0x0000, 0x0000, 0x0000, 0x0000, 0x0000, 0x0000, 0x0000, 0x0000, 0x0000, 0x0000, 0x0000,   // 0x0810 (2064) pixels
0x0000, 0x0000, 0x0000, 0x0000, 0x0000, 0x0000, 0x0000, 0x0000, 0x0000, 0x0000, 0x0000, 0x0000, 0x0000, 0x0000, 0x0000, 0x0000,   // 0x0820 (2080) pixels
0x0000, 0x0000, 0x0000, 0x0000, 0x0000, 0x0000, 0x0000, 0x0000, 0x0000, 0x0000, 0x0000, 0x0000, 0x0000, 0x0000, 0x0000, 0x0000,   // 0x0830 (2096) pixels
0x0000, 0x0000, 0x0000, 0x0000, 0x0000, 0x0000, 0x0000, 0x0000, 0x0000, 0x0000, 0x0000, 0x0000, 0x0000, 0x0000, 0x0000, 0x0000,   // 0x0840 (2112) pixels
0x0000, 0x0000, 0x0000, 0x0000, 0x0000, 0x0000, 0x0000, 0x0000, 0x0000, 0x0000, 0x0000, 0x0000, 0x0000, 0x0000, 0x0000, 0x0000,   // 0x0850 (2128) pixels
0x0000, 0x0000, 0x0000, 0x0000, 0x0000, 0x0000, 0x0000, 0x0000, 0x0000, 0x0000, 0x0000, 0x0000, 0x0000, 0x0000, 0x0000, 0x0000,   // 0x0860 (2144) pixels
0x0000, 0x0000, 0x0000, 0x0000, 0x0000, 0x0000, 0x0000, 0x0000, 0x0000, 0x0000, 0x0000, 0x0000, 0x0000, 0x0000, 0x0000, 0x0000,   // 0x0870 (2160) pixels
0x0000, 0x0000, 0x0000, 0x0000, 0x0000, 0x0000, 0x0000, 0x0000, 0x0000, 0x0000, 0x0000, 0x0000, 0x0000, 0x0000, 0x0000, 0x0000,   // 0x0880 (2176) pixels
0x0000, 0x0000, 0x0000, 0x0000, 0x0000, 0x0000, 0x0000, 0x0000, 0x0000, 0x0000, 0x0000, 0x0000, 0x0000, 0x0000, 0x0000, 0x0000,   // 0x0890 (2192) pixels
0x0000, 0x0000, 0x0000, 0x0000, 0x0000, 0x0000, 0x0000, 0x0000, 0x0000, 0x0000, 0x0000, 0x0000, 0x0000, 0x0000, 0x0000, 0x0000,   // 0x08A0 (2208) pixels
0x0000, 0x0000, 0x0000, 0x0000, 0x0000, 0x0000, 0x0000, 0x0000, 0x0000, 0x0000, 0x0000, 0x0000, 0x0000, 0x0000, 0x0000, 0x0000,   // 0x08B0 (2224) pixels
0x0000, 0x0000, 0x0000, 0x0000, 0x0000, 0x0000, 0x0000, 0x0000, 0x0000, 0x0000, 0x0000, 0x0000, 0x0000, 0x0000, 0x0000, 0x0000,   // 0x08C0 (2240) pixels
0x0000, 0x0000, 0x0000, 0x0000, 0x0000, 0x0000, 0x0000, 0x0000, 0x0000, 0x0000, 0x0000, 0x0000, 0x0000, 0x0000, 0x0000, 0x0000,   // 0x08D0 (2256) pixels
0x0000, 0x0000, 0x0000, 0x0000, 0x0000, 0x0000, 0x0000, 0x0000, 0x0000, 0x0000, 0x0000, 0x0000, 0x0000, 0x0000, 0x0000, 0x0000,   // 0x08E0 (2272) pixels
0x0000, 0x0000, 0x0000, 0x0000, 0x0000, 0x0000, 0x0000, 0x0000, 0x0000, 0x0000, 0x0000, 0x0000, 0x0000, 0x0000, 0x0000, 0x0000,   // 0x08F0 (2288) pixels
0x0000, 0x0000, 0x0000, 0x0000, 0x0000, 0x0000, 0x0000, 0x0000, 0x0000, 0x0000, 0x0000, 0x0000, 0x0000, 0x0000, 0x0000, 0x0000,   // 0x0900 (2304) pixels
0x0000, 0x0000, 0x0000, 0x0000, 0x0000, 0x0000, 0x0000, 0x0000, 0x0000, 0x0000, 0x0000, 0x0000, 0x0000, 0x0000, 0x0000, 0x0000,   // 0x0910 (2320) pixels
0x0000, 0x0000, 0x0000, 0x0000, 0x0000, 0x0000, 0x0000, 0x0000, 0x0000, 0x0000, 0x0000, 0x0000, 0x0000, 0x0000, 0x0000, 0x0000,   // 0x0920 (2336) pixels
0x0000, 0x0000, 0x0000, 0x0000, 0x0000, 0x0000, 0x0000, 0x0000, 0x0000, 0x0000, 0x0000, 0x0000, 0x0000, 0x0000, 0x0000, 0x0000,   // 0x0930 (2352) pixels
0x0000, 0x0000, 0x0000, 0x0000, 0x0000, 0x0000, 0x0000, 0x0000, 0x0000, 0x0000, 0x0000, 0x0000, 0x0000, 0x0000, 0x0000, 0x0000,   // 0x0940 (2368) pixels
0x0000, 0x0000, 0x0000, 0x0000, 0x0000, 0x0000, 0x0000, 0x0000, 0x0000, 0x0000, 0x0000, 0x0000, 0x0000, 0x0000, 0x0000, 0x0000,   // 0x0950 (2384) pixels
0x0000, 0x0000, 0x0000, 0x0000, 0x0000, 0x0000, 0x0000, 0x0000, 0x0000, 0x0000, 0x0000, 0x0000, 0x0000, 0x0000, 0x0000, 0x0000,   // 0x0960 (2400) pixels
0x0000, 0x0000, 0x0000, 0x0000, 0x0000, 0x0000, 0x0000, 0x0000, 0x0000, 0x0000, 0x0000, 0x0000, 0x0000, 0x0000, 0x0000, 0x0000,   // 0x0970 (2416) pixels
0x0000, 0x0000, 0x0000, 0x0000, 0x0000, 0x0000, 0x0000, 0x0000, 0x0000, 0x0000, 0x0000, 0x0000, 0x0000, 0x0000, 0x0000, 0x0000,   // 0x0980 (2432) pixels
0x0000, 0x0000, 0x0000, 0x0000, 0x0000, 0x0000, 0x0000, 0x0000, 0x0000, 0x0000, 0x0000, 0x0000, 0x0000, 0x0000, 0x0000, 0x0000,   // 0x0990 (2448) pixels
0x0000, 0x0000, 0x0000, 0x0000, 0x0000, 0x0000, 0x0000, 0x0000, 0x0000, 0x0000, 0x0000, 0x0000, 0x0000, 0x0000, 0x0000, 0x0000,   // 0x09A0 (2464) pixels
0x0000, 0x0000, 0x0000, 0x0000, 0x0000, 0x0000, 0x0000, 0x0000, 0x0000, 0x0000, 0x0000, 0x0000, 0x0000, 0x0000, 0x0000, 0x0000,   // 0x09B0 (2480) pixels
0x0000, 0x0000, 0x0000, 0x0000, 0x0000, 0x0000, 0x0000, 0x0000, 0x0000, 0x0000, 0x0000, 0x0000, 0x0000, 0x0000, 0x0000, 0x0000,   // 0x09C0 (2496) pixels
0x0000, 0x0000, 0x0000, 0x0000, 0x0000, 0x0000, 0x0000, 0x0000, 0x0000, 0x0000, 0x0000, 0x0000, 0x0000, 0x0000, 0x0000, 0x0000,   // 0x09D0 (2512) pixels
0x0000, 0x0000, 0x0000, 0x0000, 0x0000, 0x0000, 0x0000, 0x0000, 0x0000, 0x0000, 0x0000, 0x0000, 0x0000, 0x0000, 0x0000, 0x0000,   // 0x09E0 (2528) pixels
0x0000, 0x0000, 0x0000, 0x0000, 0x0000, 0x0000, 0x0000, 0x0000, 0x0000, 0x0000, 0x0000, 0x0000, 0x0000, 0x0000, 0x0000, 0x0000,   // 0x09F0 (2544) pixels
0x0000, 0x0000, 0x0000, 0x0000, 0x0000, 0x0000, 0x0000, 0x0000, 0x0000, 0x0000, 0x0000, 0x0000, 0x0000, 0x0000, 0x0000, 0x0000,   // 0x0A00 (2560) pixels
0x0000, 0x0000, 0x0000, 0x0000, 0x0000, 0x0000, 0x0000, 0x0000, 0x0000, 0x0000, 0x0000, 0x0000, 0x0000, 0x0000, 0x0000, 0x0000,   // 0x0A10 (2576) pixels
0x0000, 0x0000, 0x0000, 0x0000, 0x0000, 0x0000, 0x0000, 0x0000, 0x0000, 0x0000, 0x0000, 0x0000, 0x0000, 0x0000, 0x0000, 0x0000,   // 0x0A20 (2592) pixels
0x0000, 0x0000, 0x0000, 0x0000, 0x0000, 0x0000, 0x0000, 0x0000, 0x0000, 0x0000, 0x0000, 0x0000, 0x0000, 0x0000, 0x0000, 0x0000,   // 0x0A30 (2608) pixels
0x0000, 0x0000, 0x0000, 0x0000, 0x0000, 0x0000, 0x0000, 0x0000, 0x0000, 0x0000, 0x0000, 0x0000, 0x0000, 0x0000, 0x0000, 0x0000,   // 0x0A40 (2624) pixels
0x0000, 0x0000, 0x5660, 0x5660, 0x0000, 0x0000, 0x0000, 0x0000, 0x0000, 0x5660, 0x5660, 0x5660, 0x5660, 0x5660, 0x5660, 0x0000,   // 0x0A50 (2640) pixels
0x5660, 0x5660, 0x5660, 0x5660, 0x5660, 0x5660, 0x0000, 0x5660, 0x5660, 0x5660, 0x5660, 0x5660, 0x5660, 0x0000, 0x0000, 0x0000,   // 0x0A60 (2656) pixels
0x0000, 0x0000, 0x5660, 0x5660, 0x0000, 0x0000, 0x0000, 0x0000, 0x0000, 0x5660, 0x5660, 0x0000, 0x0000, 0x5660, 0x5660, 0x0000,   // 0x0A70 (2672) pixels
0x5660, 0x5660, 0x0000, 0x0000, 0x5660, 0x5660, 0x0000, 0x5660, 0x5660, 0x0000, 0x0000, 0x5660, 0x5660, 0x0000, 0x0000, 0x0000,   // 0x0A80 (2688) pixels
0x0000, 0x0000, 0x5660, 0x5660, 0x0000, 0x0000, 0x0000, 0x0000, 0x0000, 0x5660, 0x5660, 0x0000, 0x0000, 0x5660, 0x5660, 0x0000,   // 0x0A90 (2704) pixels
0x5660, 0x5660, 0x0000, 0x0000, 0x5660, 0x5660, 0x0000, 0x5660, 0x5660, 0x0000, 0x0000, 0x5660, 0x5660, 0x0000, 0x0000, 0x0000,   // 0x0AA0 (2720) pixels
0x0000, 0x0000, 0x5660, 0x5660, 0x0000, 0x0000, 0x0000, 0x0000, 0x0000, 0x5660, 0x5660, 0x0000, 0x0000, 0x5660, 0x5660, 0x0000,   // 0x0AB0 (2736) pixels
0x5660, 0x5660, 0x5660, 0x5660, 0x5660, 0x5660, 0x0000, 0x5660, 0x5660, 0x5660, 0x5660, 0x5660, 0x5660, 0x0000, 0x0000, 0x0000,   // 0x0AC0 (2752) pixels
0x0000, 0x0000, 0x5660, 0x5660, 0x0000, 0x0000, 0x0000, 0x0000, 0x0000, 0x5660, 0x5660, 0x0000, 0x0000, 0x5660, 0x5660, 0x0000,   // 0x0AD0 (2768) pixels
0x5660, 0x5660, 0x0000, 0x5660, 0x5660, 0x0000, 0x0000, 0x5660, 0x5660, 0x0000, 0x0000, 0x5660, 0x5660, 0x0000, 0x0000, 0x0000,   // 0x0AE0 (2784) pixels
0x0000, 0x0000, 0x5660, 0x5660, 0x5660, 0x5660, 0x5660, 0x5660, 0x0000, 0x5660, 0x5660, 0x5660, 0x5660, 0x5660, 0x5660, 0x0000,   // 0x0AF0 (2800) pixels
0x5660, 0x5660, 0x0000, 0x5660, 0x5660, 0x0000, 0x0000, 0x5660, 0x5660, 0x0000, 0x0000, 0x5660, 0x5660, 0x0000, 0x0000, 0x0000,   // 0x0B00 (2816) pixels
0x0000, 0x0000, 0x0000, 0x0000, 0x0000, 0x0000, 0x0000, 0x0000, 0x0000, 0x0000, 0x0000, 0x0000, 0x0000, 0x0000, 0x0000, 0x0000,   // 0x0B10 (2832) pixels
0x0000, 0x0000, 0x0000, 0x0000, 0x0000, 0x0000, 0x0000, 0x0000, 0x0000, 0x0000, 0x0000, 0x0000, 0x0000, 0x0000, 0x0000, 0x0000,   // 0x0B20 (2848) pixels
0x0000, 0x0000, 0x0000, 0x0000, 0x0000, 0x0000, 0x0000, 0x0000, 0x0000, 0x0000, 0x0000, 0x0000, 0x0000, 0x0000, 0x0000, 0x0000,   // 0x0B30 (2864) pixels
0x0000, 0x0000, 0x0000, 0x0000, 0x0000, 0x0000, 0x0000, 0x0000, 0x0000, 0x0000, 0x0000, 0x0000, 0x0000, 0x0000, 0x0000, 0x0000,   // 0x0B40 (2880) pixels
0x0000, 0x0000, 0x0000, 0x0000, 0x0000, 0x0000, 0x0000, 0x0000, 0x0000, 0x0000, 0x0000, 0x0000, 0x0000, 0x0000, 0x0000, 0x0000,   // 0x0B50 (2896) pixels
0x0000, 0x0000, 0x0000, 0x0000, 0x0000, 0x0000, 0x0000, 0x0000, 0x0000, 0x0000, 0x0000, 0x0000, 0x0000, 0x0000, 0x0000, 0x0000,   // 0x0B60 (2912) pixels
0x0000, 0x0000, 0x0000, 0x0000, 0x0000, 0x0000, 0x0000, 0x0000, 0x0000, 0x0000, 0x0000, 0x0000, 0x0000, 0x0000, 0x0000, 0x0000,   // 0x0B70 (2928) pixels
0x0000, 0x0000, 0x0000, 0x0000, 0x0000, 0x0000, 0x0000, 0x0000, 0x0000, 0x0000, 0x0000, 0x0000, 0x0000, 0x0000, 0x0000, 0x0000,   // 0x0B80 (2944) pixels
0x0000, 0x0000, 0x0000, 0x0000, 0x0000, 0x0000, 0x0000, 0x0000, 0x0000, 0x0000, 0x0000, 0x0000, 0x0000, 0x0000, 0x0000, 0x0000,   // 0x0B90 (2960) pixels
0x0000, 0x0000, 0x0000, 0x0000, 0x0000, 0x0000, 0x0000, 0x0000, 0x0000, 0x0000, 0x0000, 0x0000, 0x0000, 0x0000, 0x0000, 0x0000,   // 0x0BA0 (2976) pixels
0x0000, 0x0000, 0x0000, 0x0000, 0x0000, 0x0000, 0x0000, 0x0000, 0x0000, 0x0000, 0x0000, 0x0000, 0x0000, 0x0000, 0x0000, 0x0000,   // 0x0BB0 (2992) pixels
0x0000, 0x0000, 0x0000, 0x0000, 0x0000, 0x0000, 0x0000, 0x0000, 0x0000, 0x0000, 0x0000, 0x0000, 0x0000, 0x0000, 0x0000, 0x0000,   // 0x0BC0 (3008) pixels
0x0000, 0x0000, 0x0000, 0x0000, 0x0000, 0x0000, 0x0000, 0x0000, 0x0000, 0x0000, 0x0000, 0x0000, 0x0000, 0x0000, 0x0000, 0x0000,   // 0x0BD0 (3024) pixels
0x0000, 0x0000, 0x0000, 0x0000, 0x0000, 0x0000, 0x0000, 0x0000, 0x0000, 0x0000, 0x0000, 0x0000, 0x0000, 0x0000, 0x0000, 0x0000,   // 0x0BE0 (3040) pixels
0x0000, 0x0000, 0x0000, 0x0000, 0x0000, 0x0000, 0x0000, 0x0000, 0x0000, 0x0000, 0x0000, 0x0000, 0x0000, 0x0000, 0x0000, 0x0000,   // 0x0BF0 (3056) pixels
0x0000, 0x0000, 0x0000, 0x0000, 0x0000, 0x0000, 0x0000, 0x0000, 0x0000, 0x0000, 0x0000, 0x0000, 0x0000, 0x0000, 0x0000, 0x0000,   // 0x0C00 (3072) pixels
0x0000, 0x0000, 0x0000, 0x0000, 0x0000, 0x0000, 0x0000, 0x0000, 0x0000, 0x0000, 0x0000, 0x0000, 0x0000, 0x0000, 0x0000, 0x0000,   // 0x0C10 (3088) pixels
0x0000, 0x0000, 0x0000, 0x0000, 0x0000, 0x0000, 0x0000, 0x0000, 0x0000, 0x0000, 0x0000, 0x0000, 0x0000, 0x0000, 0x0000, 0x0000,   // 0x0C20 (3104) pixels
0x0000, 0x0000, 0x0000, 0x0000, 0x0000, 0x0000, 0x0000, 0x0000, 0x0000, 0x0000, 0x0000, 0x0000, 0x0000, 0x0000, 0x0000, 0x0000,   // 0x0C30 (3120) pixels
0x0000, 0x0000, 0x0000, 0x0000, 0x0000, 0x0000, 0x0000, 0x0000, 0x0000, 0x0000, 0x0000, 0x0000, 0x0000, 0x0000, 0x0000, 0x0000,   // 0x0C40 (3136) pixels
0x0000, 0x0000, 0x0000, 0x0000, 0x0000, 0x0000, 0x0000, 0x0000, 0x0000, 0x0000, 0x0000, 0x0000, 0x0000, 0x0000, 0x0000, 0x0000,   // 0x0C50 (3152) pixels
0x0000, 0x0000, 0x0000, 0x0000, 0x0000, 0x0000, 0x0000, 0x0000, 0x0000, 0x0000, 0x0000, 0x0000, 0x0000, 0x0000, 0x0000, 0x0000,   // 0x0C60 (3168) pixels
0x0000, 0x0000, 0x0000, 0x0000, 0x0000, 0x0000, 0x0000, 0x0000, 0x0000, 0x0000, 0x0000, 0x0000, 0x0000, 0x0000, 0x0000, 0x0000,   // 0x0C70 (3184) pixels
0x0000, 0x0000, 0x0000, 0x0000, 0x0000, 0x0000, 0x0000, 0x0000, 0x0000, 0x0000, 0x0000, 0x0000, 0x0000, 0x0000, 0x0000, 0x0000,   // 0x0C80 (3200) pixels
0x0000, 0x0000, 0x0000, 0x0000, 0x0000, 0x0000, 0x0000, 0x0000, 0x0000, 0x0000, 0x0000, 0x0000, 0x0000, 0x0000, 0x0000, 0x0000,   // 0x0C90 (3216) pixels
0x0000, 0x0000, 0x0000, 0x0000, 0x0000, 0x0000, 0x0000, 0x0000, 0x0000, 0x0000, 0x0000, 0x0000, 0x0000, 0x0000, 0x0000, 0x0000,   // 0x0CA0 (3232) pixels
0x0000, 0x0000, 0x0000, 0x0000, 0x0000, 0x0000, 0x0000, 0x0000, 0x0000, 0x0000, 0x0000, 0x0000, 0x0000, 0x0000, 0x0000, 0x0000,   // 0x0CB0 (3248) pixels
0x0000, 0x0000, 0x0000, 0x0000, 0x0000, 0x0000, 0x0000, 0x0000, 0x0000, 0x0000, 0x0000, 0x0000, 0x0000, 0x0000, 0x0000, 0x0000,   // 0x0CC0 (3264) pixels
0x0000, 0x0000, 0x0000, 0x0000, 0x0000, 0x0000, 0x0000, 0x0000, 0x0000, 0x0000, 0x5660, 0x5660, 0x5660, 0x5660, 0x5660, 0x5660,   // 0x0CD0 (3280) pixels
0x5660, 0x5660, 0x5660, 0x5660, 0x5660, 0x5660, 0x0000, 0x0000, 0x0000, 0x0000, 0x0000, 0x0000, 0x0000, 0x0000, 0x0000, 0x0000,   // 0x0CE0 (3296) pixels
0x0000, 0x0000, 0x0000, 0x0000, 0x0000, 0x0000, 0x0000, 0x0000, 0x0000, 0x0000, 0x5660, 0x5660, 0x5660, 0x5660, 0x5660, 0x5660,   // 0x0CF0 (3312) pixels
0x5660, 0x5660, 0x5660, 0x5660, 0x5660, 0x5660, 0x0000, 0x0000, 0x0000, 0x0000, 0x0000, 0x0000, 0x0000, 0x0000, 0x0000, 0x0000,   // 0x0D00 (3328) pixels
0x0000, 0x0000, 0x0000, 0x0000, 0x0000, 0x0000, 0x0000, 0x0000, 0x5660, 0x5660, 0x0000, 0x0000, 0x0000, 0x0000, 0x0000, 0x0000,   // 0x0D10 (3344) pixels
0x0000, 0x0000, 0x0000, 0x0000, 0x0000, 0x0000, 0x5660, 0x5660, 0x0000, 0x0000, 0x0000, 0x0000, 0x0000, 0x0000, 0x0000, 0x0000,   // 0x0D20 (3360) pixels
0x0000, 0x0000, 0x0000, 0x0000, 0x0000, 0x0000, 0x0000, 0x0000, 0x5660, 0x5660, 0x0000, 0x0000, 0x0000, 0x0000, 0x0000, 0x0000,   // 0x0D30 (3376) pixels
0x0000, 0x0000, 0x0000, 0x0000, 0x0000, 0x0000, 0x5660, 0x5660, 0x0000, 0x0000, 0x0000, 0x0000, 0x0000, 0x0000, 0x0000, 0x0000,   // 0x0D40 (3392) pixels
0x0000, 0x0000, 0x0000, 0x0000, 0x0000, 0x0000, 0x5660, 0x5660, 0x0000, 0x0000, 0x0000, 0x0000, 0x5660, 0x5660, 0x5660, 0x5660,   // 0x0D50 (3408) pixels
0x5660, 0x5660, 0x5660, 0x5660, 0x0000, 0x0000, 0x0000, 0x0000, 0x5660, 0x5660, 0x0000, 0x0000, 0x0000, 0x0000, 0x0000, 0x0000,   // 0x0D60 (3424) pixels
0x0000, 0x0000, 0x0000, 0x0000, 0x0000, 0x0000, 0x5660, 0x5660, 0x0000, 0x0000, 0x0000, 0x0000, 0x5660, 0x5660, 0x5660, 0x5660,   // 0x0D70 (3440) pixels
0x5660, 0x5660, 0x5660, 0x5660, 0x0000, 0x0000, 0x0000, 0x0000, 0x5660, 0x5660, 0x0000, 0x0000, 0x0000, 0x0000, 0x0000, 0x0000,   // 0x0D80 (3456) pixels
0x0000, 0x0000, 0x0000, 0x0000, 0x0000, 0x0000, 0x0000, 0x0000, 0x0000, 0x0000, 0x5660, 0x5660, 0x0000, 0x0000, 0x0000, 0x0000,   // 0x0D90 (3472) pixels
0x0000, 0x0000, 0x0000, 0x0000, 0x5660, 0x5660, 0x0000, 0x0000, 0x0000, 0x0000, 0x0000, 0x0000, 0x0000, 0x0000, 0x0000, 0x0000,   // 0x0DA0 (3488) pixels
0x0000, 0x0000, 0x0000, 0x0000, 0x0000, 0x0000, 0x0000, 0x0000, 0x0000, 0x0000, 0x5660, 0x5660, 0x0000, 0x0000, 0x0000, 0x0000,   // 0x0DB0 (3504) pixels
0x0000, 0x0000, 0x0000, 0x0000, 0x5660, 0x5660, 0x0000, 0x0000, 0x0000, 0x0000, 0x0000, 0x0000, 0x0000, 0x0000, 0x0000, 0x0000,   // 0x0DC0 (3520) pixels
0x0000, 0x0000, 0x0000, 0x0000, 0x0000, 0x0000, 0x0000, 0x0000, 0x0000, 0x0000, 0x0000, 0x0000, 0x0000, 0x0000, 0x5660, 0x5660,   // 0x0DD0 (3536) pixels
0x5660, 0x5660, 0x0000, 0x0000, 0x0000, 0x0000, 0x0000, 0x0000, 0x0000, 0x0000, 0x0000, 0x0000, 0x0000, 0x0000, 0x0000, 0x0000,   // 0x0DE0 (3552) pixels
0x0000, 0x0000, 0x0000, 0x0000, 0x0000, 0x0000, 0x0000, 0x0000, 0x0000, 0x0000, 0x0000, 0x0000, 0x0000, 0x0000, 0x5660, 0x5660,   // 0x0DF0 (3568) pixels
0x5660, 0x5660, 0x0000, 0x0000, 0x0000, 0x0000, 0x0000, 0x0000, 0x0000, 0x0000, 0x0000, 0x0000, 0x0000, 0x0000, 0x0000, 0x0000,   // 0x0E00 (3584) pixels
0x0000, 0x0000, 0x0000, 0x0000, 0x0000, 0x0000, 0x0000, 0x0000, 0x0000, 0x0000, 0x0000, 0x0000, 0x0000, 0x0000, 0x0000, 0x0000,   // 0x0E10 (3600) pixels
0x0000, 0x0000, 0x0000, 0x0000, 0x0000, 0x0000, 0x0000, 0x0000, 0x0000, 0x0000, 0x0000, 0x0000, 0x0000, 0x0000, 0x0000, 0x0000,   // 0x0E20 (3616) pixels
0x0000, 0x0000, 0x0000, 0x0000, 0x0000, 0x0000, 0x0000, 0x0000, 0x0000, 0x0000, 0x0000, 0x0000, 0x0000, 0x0000, 0x0000, 0x0000,   // 0x0E30 (3632) pixels
0x0000, 0x0000, 0x0000, 0x0000, 0x0000, 0x0000, 0x0000, 0x0000, 0x0000, 0x0000, 0x0000, 0x0000, 0x0000, 0x0000, 0x0000, 0x0000,   // 0x0E40 (3648) pixels
0x0000, 0x0000, 0x5660, 0x5660, 0x0000, 0x0000, 0x0000, 0x0000, 0x0000, 0x5660, 0x5660, 0x5660, 0x5660, 0x5660, 0x5660, 0x0000,   // 0x0E50 (3664) pixels
0x5660, 0x5660, 0x5660, 0x5660, 0x5660, 0x5660, 0x0000, 0x5660, 0x5660, 0x5660, 0x5660, 0x5660, 0x5660, 0x0000, 0x0000, 0x0000,   // 0x0E60 (3680) pixels
0x0000, 0x0000, 0x5660, 0x5660, 0x0000, 0x0000, 0x0000, 0x0000, 0x0000, 0x5660, 0x5660, 0x0000, 0x0000, 0x5660, 0x5660, 0x0000,   // 0x0E70 (3696) pixels
0x5660, 0x5660, 0x0000, 0x0000, 0x5660, 0x5660, 0x0000, 0x5660, 0x5660, 0x0000, 0x0000, 0x5660, 0x5660, 0x0000, 0x0000, 0x0000,   // 0x0E80 (3712) pixels
0x0000, 0x0000, 0x5660, 0x5660, 0x0000, 0x0000, 0x0000, 0x0000, 0x0000, 0x5660, 0x5660, 0x0000, 0x0000, 0x5660, 0x5660, 0x0000,   // 0x0E90 (3728) pixels
0x5660, 0x5660, 0x0000, 0x0000, 0x5660, 0x5660, 0x0000, 0x5660, 0x5660, 0x0000, 0x0000, 0x5660, 0x5660, 0x0000, 0x0000, 0x0000,   // 0x0EA0 (3744) pixels
0x0000, 0x0000, 0x5660, 0x5660, 0x0000, 0x0000, 0x0000, 0x0000, 0x0000, 0x5660, 0x5660, 0x0000, 0x0000, 0x5660, 0x5660, 0x0000,   // 0x0EB0 (3760) pixels
0x5660, 0x5660, 0x5660, 0x5660, 0x5660, 0x5660, 0x0000, 0x5660, 0x5660, 0x5660, 0x5660, 0x5660, 0x5660, 0x0000, 0x0000, 0x0000,   // 0x0EC0 (3776) pixels
0x0000, 0x0000, 0x5660, 0x5660, 0x0000, 0x0000, 0x0000, 0x0000, 0x0000, 0x5660, 0x5660, 0x0000, 0x0000, 0x5660, 0x5660, 0x0000,   // 0x0ED0 (3792) pixels
0x5660, 0x5660, 0x0000, 0x5660, 0x5660, 0x0000, 0x0000, 0x5660, 0x5660, 0x0000, 0x0000, 0x5660, 0x5660, 0x0000, 0x0000, 0x0000,   // 0x0EE0 (3808) pixels
0x0000, 0x0000, 0x5660, 0x5660, 0x5660, 0x5660, 0x5660, 0x5660, 0x0000, 0x5660, 0x5660, 0x5660, 0x5660, 0x5660, 0x5660, 0x0000,   // 0x0EF0 (3824) pixels
0x5660, 0x5660, 0x0000, 0x5660, 0x5660, 0x0000, 0x0000, 0x5660, 0x5660, 0x0000, 0x0000, 0x5660, 0x5660, 0x0000, 0x0000, 0x0000,   // 0x0F00 (3840) pixels
0x0000, 0x0000, 0x0000, 0x0000, 0x0000, 0x0000, 0x0000, 0x0000, 0x0000, 0x0000, 0x0000, 0x0000, 0x0000, 0x0000, 0x0000, 0x0000,   // 0x0F10 (3856) pixels
0x0000, 0x0000, 0x0000, 0x0000, 0x0000, 0x0000, 0x0000, 0x0000, 0x0000, 0x0000, 0x0000, 0x0000, 0x0000, 0x0000, 0x0000, 0x0000,   // 0x0F20 (3872) pixels
0x0000, 0x0000, 0x0000, 0x0000, 0x0000, 0x0000, 0x0000, 0x0000, 0x0000, 0x0000, 0x0000, 0x0000, 0x0000, 0x0000, 0x0000, 0x0000,   // 0x0F30 (3888) pixels
0x0000, 0x0000, 0x0000, 0x0000, 0x0000, 0x0000, 0x0000, 0x0000, 0x0000, 0x0000, 0x0000, 0x0000, 0x0000, 0x0000, 0x0000, 0x0000,   // 0x0F40 (3904) pixels
0x0000, 0x0000, 0x0000, 0x0000, 0x0000, 0x0000, 0x0000, 0x0000, 0x0000, 0x0000, 0x0000, 0x0000, 0x0000, 0x0000, 0x0000, 0x0000,   // 0x0F50 (3920) pixels
0x0000, 0x0000, 0x0000, 0x0000, 0x0000, 0x0000, 0x0000, 0x0000, 0x0000, 0x0000, 0x0000, 0x0000, 0x0000, 0x0000, 0x0000, 0x0000,   // 0x0F60 (3936) pixels
0x0000, 0x0000, 0x0000, 0x0000, 0x0000, 0x0000, 0x0000, 0x0000, 0x0000, 0x0000, 0x0000, 0x0000, 0x0000, 0x0000, 0x5660, 0x5660,   // 0x0F70 (3952) pixels
0x5660, 0x5660, 0x0000, 0x0000, 0x0000, 0x0000, 0x0000, 0x0000, 0x0000, 0x0000, 0x0000, 0x0000, 0x0000, 0x0000, 0x0000, 0x0000,   // 0x0F80 (3968) pixels
0x0000, 0x0000, 0x0000, 0x0000, 0x0000, 0x0000, 0x0000, 0x0000, 0x0000, 0x0000, 0x0000, 0x0000, 0x0000, 0x0000, 0x5660, 0x5660,   // 0x0F90 (3984) pixels
0x5660, 0x5660, 0x0000, 0x0000, 0x0000, 0x0000, 0x0000, 0x0000, 0x0000, 0x0000, 0x0000, 0x0000, 0x0000, 0x0000, 0x0000, 0x0000,   // 0x0FA0 (4000) pixels
0x0000, 0x0000, 0x0000, 0x0000, 0x0000, 0x0000, 0x0000, 0x0000, 0x0000, 0x0000, 0x5660, 0x5660, 0x0000, 0x0000, 0x0000, 0x0000,   // 0x0FB0 (4016) pixels
0x0000, 0x0000, 0x0000, 0x0000, 0x5660, 0x5660, 0x0000, 0x0000, 0x0000, 0x0000, 0x0000, 0x0000, 0x0000, 0x0000, 0x0000, 0x0000,   // 0x0FC0 (4032) pixels
0x0000, 0x0000, 0x0000, 0x0000, 0x0000, 0x0000, 0x0000, 0x0000, 0x0000, 0x0000, 0x5660, 0x5660, 0x0000, 0x0000, 0x0000, 0x0000,   // 0x0FD0 (4048) pixels
0x0000, 0x0000, 0x0000, 0x0000, 0x5660, 0x5660, 0x0000, 0x0000, 0x0000, 0x0000, 0x0000, 0x0000, 0x0000, 0x0000, 0x0000, 0x0000,   // 0x0FE0 (4064) pixels
0x0000, 0x0000, 0x0000, 0x0000, 0x0000, 0x0000, 0x0000, 0x0000, 0x0000, 0x0000, 0x0000, 0x0000, 0x5660, 0x5660, 0x5660, 0x5660,   // 0x0FF0 (4080) pixels
0x5660, 0x5660, 0x5660, 0x5660, 0x0000, 0x0000, 0x0000, 0x0000, 0x0000, 0x0000, 0x0000, 0x0000, 0x0000, 0x0000, 0x0000, 0x0000,   // 0x1000 (4096) pixels
0x0000, 0x0000, 0x0000, 0x0000, 0x0000, 0x0000, 0x0000, 0x0000, 0x0000, 0x0000, 0x0000, 0x0000, 0x5660, 0x5660, 0x5660, 0x5660,   // 0x1010 (4112) pixels
0x5660, 0x5660, 0x5660, 0x5660, 0x0000, 0x0000, 0x0000, 0x0000, 0x0000, 0x0000, 0x0000, 0x0000, 0x0000, 0x0000, 0x0000, 0x0000,   // 0x1020 (4128) pixels
0x0000, 0x0000, 0x0000, 0x0000, 0x0000, 0x0000, 0x0000, 0x0000, 0x0000, 0x0000, 0x0000, 0x0000, 0x0000, 0x0000, 0x0000, 0x0000,   // 0x1030 (4144) pixels
0x0000, 0x0000, 0x0000, 0x0000, 0x0000, 0x0000, 0x0000, 0x0000, 0x0000, 0x0000, 0x0000, 0x0000, 0x0000, 0x0000, 0x0000, 0x0000,   // 0x1040 (4160) pixels
0x0000, 0x0000, 0x0000, 0x0000, 0x0000, 0x0000, 0x0000, 0x0000, 0x0000, 0x0000, 0x0000, 0x0000, 0x0000, 0x0000, 0x0000, 0x0000,   // 0x1050 (4176) pixels
0x0000, 0x0000, 0x0000, 0x0000, 0x0000, 0x0000, 0x0000, 0x0000, 0x0000, 0x0000, 0x0000, 0x0000, 0x0000, 0x0000, 0x0000, 0x0000,   // 0x1060 (4192) pixels
0x0000, 0x0000, 0x0000, 0x0000, 0x0000, 0x0000, 0x0000, 0x0000, 0x0000, 0x0000, 0x0000, 0x0000, 0x0000, 0x0000, 0x0000, 0x0000,   // 0x1070 (4208) pixels
0x0000, 0x0000, 0x0000, 0x0000, 0x0000, 0x0000, 0x0000, 0x0000, 0x0000, 0x0000, 0x0000, 0x0000, 0x0000, 0x0000, 0x0000, 0x0000,   // 0x1080 (4224) pixels
0x0000, 0x0000, 0x0000, 0x0000, 0x0000, 0x0000, 0x0000, 0x0000, 0x0000, 0x0000, 0x0000, 0x0000, 0x0000, 0x0000, 0x0000, 0x0000,   // 0x1090 (4240) pixels
0x0000, 0x0000, 0x0000, 0x0000, 0x0000, 0x0000, 0x0000, 0x0000, 0x0000, 0x0000, 0x0000, 0x0000, 0x0000, 0x0000, 0x0000, 0x0000,   // 0x10A0 (4256) pixels
0x0000, 0x0000, 0x0000, 0x0000, 0x0000, 0x0000, 0x0000, 0x0000, 0x0000, 0x0000, 0x0000, 0x0000, 0x0000, 0x0000, 0x0000, 0x0000,   // 0x10B0 (4272) pixels
0x0000, 0x0000, 0x0000, 0x0000, 0x0000, 0x0000, 0x0000, 0x0000, 0x0000, 0x0000, 0x0000, 0x0000, 0x0000, 0x0000, 0x0000, 0x0000,   // 0x10C0 (4288) pixels
};

